date,cases,total_tests,County
2020-02-01,0.0,1.0,Stanislaus
2020-02-02,0.0,0.0,Stanislaus
2020-02-03,0.0,0.0,Stanislaus
2020-02-04,0.0,0.0,Stanislaus
2020-02-05,0.0,0.0,Stanislaus
2020-02-06,0.0,0.0,Stanislaus
2020-02-07,0.0,1.0,Stanislaus
2020-02-08,0.0,0.0,Stanislaus
2020-02-09,0.0,0.0,Stanislaus
2020-02-10,1.0,0.0,Stanislaus
2020-02-11,0.0,1.0,Stanislaus
2020-02-12,0.0,0.0,Stanislaus
2020-02-13,0.0,0.0,Stanislaus
2020-02-14,0.0,0.0,Stanislaus
2020-02-15,0.0,0.0,Stanislaus
2020-02-16,0.0,0.0,Stanislaus
2020-02-17,0.0,1.0,Stanislaus
2020-02-18,0.0,0.0,Stanislaus
2020-02-19,0.0,0.0,Stanislaus
2020-02-20,1.0,0.0,Stanislaus
2020-02-21,0.0,0.0,Stanislaus
2020-02-22,0.0,0.0,Stanislaus
2020-02-23,0.0,0.0,Stanislaus
2020-02-24,0.0,0.0,Stanislaus
2020-02-25,0.0,1.0,Stanislaus
2020-02-26,0.0,0.0,Stanislaus
2020-02-27,0.0,0.0,Stanislaus
2020-02-28,0.0,2.0,Stanislaus
2020-02-29,0.0,0.0,Stanislaus
2020-03-01,0.0,1.0,Stanislaus
2020-03-02,0.0,3.0,Stanislaus
2020-03-03,2.0,0.0,Stanislaus
2020-03-04,0.0,6.0,Stanislaus
2020-03-05,0.0,2.0,Stanislaus
2020-03-06,1.0,20.0,Stanislaus
2020-03-07,4.0,2.0,Stanislaus
2020-03-08,1.0,2.0,Stanislaus
2020-03-09,1.0,13.0,Stanislaus
2020-03-10,0.0,6.0,Stanislaus
2020-03-11,4.0,20.0,Stanislaus
2020-03-12,0.0,65.0,Stanislaus
2020-03-13,2.0,100.0,Stanislaus
2020-03-14,5.0,56.0,Stanislaus
2020-03-15,4.0,50.0,Stanislaus
2020-03-16,1.0,86.0,Stanislaus
2020-03-17,4.0,97.0,Stanislaus
2020-03-18,3.0,92.0,Stanislaus
2020-03-19,4.0,68.0,Stanislaus
2020-03-20,1.0,100.0,Stanislaus
2020-03-21,6.0,42.0,Stanislaus
2020-03-22,6.0,28.0,Stanislaus
2020-03-23,6.0,119.0,Stanislaus
2020-03-24,8.0,100.0,Stanislaus
2020-03-25,9.0,111.0,Stanislaus
2020-03-26,7.0,122.0,Stanislaus
2020-03-27,2.0,136.0,Stanislaus
2020-03-28,2.0,56.0,Stanislaus
2020-03-29,5.0,61.0,Stanislaus
2020-03-30,5.0,141.0,Stanislaus
2020-03-31,7.0,126.0,Stanislaus
2020-04-01,15.0,123.0,Stanislaus
2020-04-02,11.0,93.0,Stanislaus
2020-04-03,11.0,142.0,Stanislaus
2020-04-04,6.0,73.0,Stanislaus
2020-04-05,11.0,53.0,Stanislaus
2020-04-06,14.0,120.0,Stanislaus
2020-04-07,16.0,182.0,Stanislaus
2020-04-08,17.0,155.0,Stanislaus
2020-04-09,16.0,167.0,Stanislaus
2020-04-10,12.0,106.0,Stanislaus
2020-04-11,7.0,81.0,Stanislaus
2020-04-12,8.0,56.0,Stanislaus
2020-04-13,8.0,183.0,Stanislaus
2020-04-14,6.0,108.0,Stanislaus
2020-04-15,13.0,164.0,Stanislaus
2020-04-16,7.0,135.0,Stanislaus
2020-04-17,3.0,180.0,Stanislaus
2020-04-18,2.0,85.0,Stanislaus
2020-04-19,8.0,66.0,Stanislaus
2020-04-20,8.0,249.0,Stanislaus
2020-04-21,14.0,279.0,Stanislaus
2020-04-22,19.0,262.0,Stanislaus
2020-04-23,57.0,451.0,Stanislaus
2020-04-24,4.0,317.0,Stanislaus
2020-04-25,3.0,157.0,Stanislaus
2020-04-26,8.0,97.0,Stanislaus
2020-04-27,15.0,283.0,Stanislaus
2020-04-28,16.0,335.0,Stanislaus
2020-04-29,16.0,292.0,Stanislaus
2020-04-30,13.0,290.0,Stanislaus
2020-05-01,7.0,299.0,Stanislaus
2020-05-02,5.0,99.0,Stanislaus
2020-05-03,8.0,91.0,Stanislaus
2020-05-04,28.0,403.0,Stanislaus
2020-05-05,6.0,302.0,Stanislaus
2020-05-06,12.0,374.0,Stanislaus
2020-05-07,16.0,355.0,Stanislaus
2020-05-08,9.0,397.0,Stanislaus
2020-05-09,14.0,116.0,Stanislaus
2020-05-10,8.0,117.0,Stanislaus
2020-05-11,7.0,376.0,Stanislaus
2020-05-12,10.0,339.0,Stanislaus
2020-05-13,7.0,300.0,Stanislaus
2020-05-14,9.0,334.0,Stanislaus
2020-05-15,19.0,358.0,Stanislaus
2020-05-16,7.0,137.0,Stanislaus
2020-05-17,9.0,117.0,Stanislaus
2020-05-18,11.0,397.0,Stanislaus
2020-05-19,12.0,461.0,Stanislaus
2020-05-20,14.0,438.0,Stanislaus
2020-05-21,16.0,502.0,Stanislaus
2020-05-22,11.0,456.0,Stanislaus
2020-05-23,10.0,161.0,Stanislaus
2020-05-24,8.0,129.0,Stanislaus
2020-05-25,20.0,136.0,Stanislaus
2020-05-26,30.0,553.0,Stanislaus
2020-05-27,20.0,498.0,Stanislaus
2020-05-28,25.0,441.0,Stanislaus
2020-05-29,41.0,603.0,Stanislaus
2020-05-30,30.0,231.0,Stanislaus
2020-05-31,17.0,209.0,Stanislaus
2020-06-01,54.0,772.0,Stanislaus
2020-06-02,37.0,662.0,Stanislaus
2020-06-03,59.0,580.0,Stanislaus
2020-06-04,40.0,560.0,Stanislaus
2020-06-05,76.0,642.0,Stanislaus
2020-06-06,33.0,248.0,Stanislaus
2020-06-07,34.0,177.0,Stanislaus
2020-06-08,80.0,1020.0,Stanislaus
2020-06-09,82.0,957.0,Stanislaus
2020-06-10,101.0,1019.0,Stanislaus
2020-06-11,90.0,864.0,Stanislaus
2020-06-12,91.0,941.0,Stanislaus
2020-06-13,59.0,283.0,Stanislaus
2020-06-14,57.0,232.0,Stanislaus
2020-06-15,148.0,1093.0,Stanislaus
2020-06-16,117.0,1158.0,Stanislaus
2020-06-17,153.0,1542.0,Stanislaus
2020-06-18,123.0,1055.0,Stanislaus
2020-06-19,134.0,1071.0,Stanislaus
2020-06-20,110.0,527.0,Stanislaus
2020-06-21,108.0,284.0,Stanislaus
2020-06-22,186.0,1251.0,Stanislaus
2020-06-23,185.0,1518.0,Stanislaus
2020-06-24,176.0,2005.0,Stanislaus
2020-06-25,179.0,1530.0,Stanislaus
2020-06-26,212.0,1566.0,Stanislaus
2020-06-27,113.0,608.0,Stanislaus
2020-06-28,100.0,576.0,Stanislaus
2020-06-29,206.0,1771.0,Stanislaus
2020-06-30,206.0,1856.0,Stanislaus
2020-07-01,297.0,1992.0,Stanislaus
2020-07-02,279.0,1932.0,Stanislaus
2020-07-03,172.0,1019.0,Stanislaus
2020-07-04,124.0,483.0,Stanislaus
2020-07-05,158.0,818.0,Stanislaus
2020-07-06,331.0,2382.0,Stanislaus
2020-07-07,402.0,2626.0,Stanislaus
2020-07-08,339.0,2153.0,Stanislaus
2020-07-09,300.0,1829.0,Stanislaus
2020-07-10,315.0,1841.0,Stanislaus
2020-07-11,170.0,954.0,Stanislaus
2020-07-12,141.0,795.0,Stanislaus
2020-07-13,304.0,2470.0,Stanislaus
2020-07-14,303.0,2413.0,Stanislaus
2020-07-15,374.0,2627.0,Stanislaus
2020-07-16,297.0,2134.0,Stanislaus
2020-07-17,283.0,1864.0,Stanislaus
2020-07-18,174.0,850.0,Stanislaus
2020-07-19,135.0,904.0,Stanislaus
2020-07-20,296.0,2302.0,Stanislaus
2020-07-21,284.0,2002.0,Stanislaus
2020-07-22,263.0,1596.0,Stanislaus
2020-07-23,171.0,1394.0,Stanislaus
2020-07-24,242.0,1339.0,Stanislaus
2020-07-25,172.0,645.0,Stanislaus
2020-07-26,103.0,460.0,Stanislaus
2020-07-27,261.0,2222.0,Stanislaus
2020-07-28,226.0,2224.0,Stanislaus
2020-07-29,222.0,1788.0,Stanislaus
2020-07-30,221.0,1771.0,Stanislaus
2020-07-31,213.0,1596.0,Stanislaus
2020-08-01,106.0,634.0,Stanislaus
2020-08-02,118.0,422.0,Stanislaus
2020-08-03,215.0,1906.0,Stanislaus
2020-08-04,209.0,1688.0,Stanislaus
2020-08-05,169.0,1467.0,Stanislaus
2020-08-06,159.0,1525.0,Stanislaus
2020-08-07,150.0,1347.0,Stanislaus
2020-08-08,122.0,453.0,Stanislaus
2020-08-09,75.0,291.0,Stanislaus
2020-08-10,208.0,1575.0,Stanislaus
2020-08-11,182.0,1812.0,Stanislaus
2020-08-12,104.0,1677.0,Stanislaus
2020-08-13,139.0,1360.0,Stanislaus
2020-08-14,130.0,1364.0,Stanislaus
2020-08-15,78.0,544.0,Stanislaus
2020-08-16,64.0,335.0,Stanislaus
2020-08-17,158.0,1528.0,Stanislaus
2020-08-18,125.0,1372.0,Stanislaus
2020-08-19,98.0,1426.0,Stanislaus
2020-08-20,103.0,1298.0,Stanislaus
2020-08-21,96.0,1041.0,Stanislaus
2020-08-22,69.0,402.0,Stanislaus
2020-08-23,50.0,289.0,Stanislaus
2020-08-24,135.0,1853.0,Stanislaus
2020-08-25,98.0,1530.0,Stanislaus
2020-08-26,108.0,1197.0,Stanislaus
2020-08-27,77.0,1192.0,Stanislaus
2020-08-28,81.0,1233.0,Stanislaus
2020-08-29,42.0,477.0,Stanislaus
2020-08-30,49.0,276.0,Stanislaus
2020-08-31,72.0,1628.0,Stanislaus
2020-09-01,75.0,1474.0,Stanislaus
2020-09-02,76.0,1830.0,Stanislaus
2020-09-03,70.0,1721.0,Stanislaus
2020-09-04,52.0,1619.0,Stanislaus
2020-09-05,34.0,708.0,Stanislaus
2020-09-06,48.0,275.0,Stanislaus
2020-09-07,44.0,386.0,Stanislaus
2020-09-08,65.0,2007.0,Stanislaus
2020-09-09,64.0,1893.0,Stanislaus
2020-09-10,39.0,1712.0,Stanislaus
2020-09-11,54.0,1466.0,Stanislaus
2020-09-12,38.0,412.0,Stanislaus
2020-09-13,32.0,243.0,Stanislaus
2020-09-14,63.0,1452.0,Stanislaus
2020-09-15,45.0,1639.0,Stanislaus
2020-09-16,48.0,1170.0,Stanislaus
2020-09-17,48.0,1528.0,Stanislaus
2020-09-18,33.0,1190.0,Stanislaus
2020-09-19,28.0,436.0,Stanislaus
2020-09-20,40.0,334.0,Stanislaus
2020-09-21,31.0,1624.0,Stanislaus
2020-09-22,30.0,1578.0,Stanislaus
2020-09-23,23.0,1073.0,Stanislaus
2020-09-24,30.0,1254.0,Stanislaus
2020-09-25,37.0,1164.0,Stanislaus
2020-09-26,18.0,544.0,Stanislaus
2020-09-27,25.0,353.0,Stanislaus
2020-09-28,51.0,1635.0,Stanislaus
2020-09-29,39.0,1421.0,Stanislaus
2020-09-30,30.0,1080.0,Stanislaus
2020-10-01,47.0,1056.0,Stanislaus
2020-10-02,33.0,1249.0,Stanislaus
2020-10-03,41.0,410.0,Stanislaus
2020-10-04,33.0,303.0,Stanislaus
2020-10-05,50.0,1818.0,Stanislaus
2020-10-06,36.0,1722.0,Stanislaus
2020-10-07,45.0,1511.0,Stanislaus
2020-10-08,35.0,1358.0,Stanislaus
2020-10-09,46.0,1182.0,Stanislaus
2020-10-10,24.0,576.0,Stanislaus
2020-10-11,35.0,290.0,Stanislaus
2020-10-12,64.0,1752.0,Stanislaus
2020-10-13,49.0,1872.0,Stanislaus
2020-10-14,45.0,1493.0,Stanislaus
2020-10-15,45.0,1334.0,Stanislaus
2020-10-16,38.0,1241.0,Stanislaus
2020-10-17,34.0,489.0,Stanislaus
2020-10-18,40.0,415.0,Stanislaus
2020-10-19,56.0,2055.0,Stanislaus
2020-10-20,51.0,1944.0,Stanislaus
2020-10-21,54.0,1544.0,Stanislaus
2020-10-22,50.0,1320.0,Stanislaus
2020-10-23,54.0,1224.0,Stanislaus
2020-10-24,37.0,472.0,Stanislaus
2020-10-25,43.0,290.0,Stanislaus
2020-10-26,57.0,1730.0,Stanislaus
2020-10-27,50.0,1793.0,Stanislaus
2020-10-28,68.0,1453.0,Stanislaus
2020-10-29,65.0,1233.0,Stanislaus
2020-10-30,53.0,1169.0,Stanislaus
2020-10-31,48.0,521.0,Stanislaus
2020-11-01,63.0,601.0,Stanislaus
2020-11-02,101.0,2244.0,Stanislaus
2020-11-03,96.0,1844.0,Stanislaus
2020-11-04,121.0,1365.0,Stanislaus
2020-11-05,117.0,1799.0,Stanislaus
2020-11-06,113.0,1684.0,Stanislaus
2020-11-07,87.0,569.0,Stanislaus
2020-11-08,109.0,525.0,Stanislaus
2020-11-09,174.0,2257.0,Stanislaus
2020-11-10,154.0,2268.0,Stanislaus
2020-11-11,134.0,1454.0,Stanislaus
2020-11-12,137.0,2020.0,Stanislaus
2020-11-13,169.0,2009.0,Stanislaus
2020-11-14,125.0,847.0,Stanislaus
2020-11-15,143.0,821.0,Stanislaus
2020-11-16,272.0,2792.0,Stanislaus
2020-11-17,236.0,2704.0,Stanislaus
2020-11-18,224.0,2229.0,Stanislaus
2020-11-19,242.0,2906.0,Stanislaus
2020-11-20,241.0,2307.0,Stanislaus
2020-11-21,155.0,893.0,Stanislaus
2020-11-22,143.0,1041.0,Stanislaus
2020-11-23,327.0,3685.0,Stanislaus
2020-11-24,293.0,3163.0,Stanislaus
2020-11-25,242.0,2045.0,Stanislaus
2020-11-26,131.0,382.0,Stanislaus
2020-11-27,232.0,1584.0,Stanislaus
2020-11-28,228.0,1346.0,Stanislaus
2020-11-29,239.0,1105.0,Stanislaus
2020-11-30,496.0,4170.0,Stanislaus
2020-12-01,463.0,4194.0,Stanislaus
2020-12-02,457.0,3465.0,Stanislaus
2020-12-03,501.0,3786.0,Stanislaus
2020-12-04,411.0,2880.0,Stanislaus
2020-12-05,271.0,1122.0,Stanislaus
2020-12-06,315.0,1352.0,Stanislaus
2020-12-07,549.0,4831.0,Stanislaus
2020-12-08,558.0,4221.0,Stanislaus
2020-12-09,488.0,3482.0,Stanislaus
2020-12-10,497.0,3867.0,Stanislaus
2020-12-11,464.0,3144.0,Stanislaus
2020-12-12,269.0,1271.0,Stanislaus
2020-12-13,301.0,1387.0,Stanislaus
2020-12-14,565.0,4701.0,Stanislaus
2020-12-15,532.0,4174.0,Stanislaus
2020-12-16,513.0,3685.0,Stanislaus
2020-12-17,501.0,4485.0,Stanislaus
2020-12-18,425.0,3294.0,Stanislaus
2020-12-19,273.0,1307.0,Stanislaus
2020-12-20,321.0,1860.0,Stanislaus
2020-12-21,526.0,4678.0,Stanislaus
2020-12-22,457.0,4150.0,Stanislaus
2020-12-23,384.0,3059.0,Stanislaus
2020-12-24,354.0,1879.0,Stanislaus
2020-12-25,204.0,558.0,Stanislaus
2020-12-26,300.0,1206.0,Stanislaus
2020-12-27,300.0,1357.0,Stanislaus
2020-12-28,618.0,4834.0,Stanislaus
2020-12-29,547.0,4034.0,Stanislaus
2020-12-30,476.0,3326.0,Stanislaus
2020-12-31,464.0,2750.0,Stanislaus
2021-01-01,309.0,573.0,Stanislaus
2021-01-02,288.0,1299.0,Stanislaus
2021-01-03,333.0,1564.0,Stanislaus
2021-01-04,707.0,5095.0,Stanislaus
2021-01-05,562.0,4516.0,Stanislaus
2021-01-06,544.0,3673.0,Stanislaus
2021-01-07,567.0,4035.0,Stanislaus
2021-01-08,417.0,3216.0,Stanislaus
2021-01-09,299.0,1217.0,Stanislaus
2021-01-10,291.0,1396.0,Stanislaus
2021-01-11,573.0,5398.0,Stanislaus
2021-01-12,491.0,4245.0,Stanislaus
2021-01-13,438.0,3611.0,Stanislaus
2021-01-14,392.0,3926.0,Stanislaus
2021-01-15,327.0,2742.0,Stanislaus
2021-01-16,250.0,1295.0,Stanislaus
2021-01-17,188.0,1210.0,Stanislaus
2021-01-18,319.0,4050.0,Stanislaus
2021-01-19,357.0,4074.0,Stanislaus
2021-01-20,348.0,3276.0,Stanislaus
2021-01-21,280.0,3787.0,Stanislaus
2021-01-22,298.0,2914.0,Stanislaus
2021-01-23,166.0,1095.0,Stanislaus
2021-01-24,167.0,1110.0,Stanislaus
2021-01-25,309.0,4600.0,Stanislaus
2021-01-26,246.0,3871.0,Stanislaus
2021-01-27,182.0,2472.0,Stanislaus
2021-01-28,184.0,2833.0,Stanislaus
2021-01-29,208.0,2648.0,Stanislaus
2021-01-30,143.0,1052.0,Stanislaus
2021-01-31,130.0,1048.0,Stanislaus
2021-02-01,284.0,4675.0,Stanislaus
2021-02-02,257.0,3602.0,Stanislaus
2021-02-03,219.0,3100.0,Stanislaus
2021-02-04,176.0,3276.0,Stanislaus
2021-02-05,161.0,2615.0,Stanislaus
2021-02-06,145.0,988.0,Stanislaus
2021-02-07,96.0,865.0,Stanislaus
2021-02-08,190.0,3999.0,Stanislaus
2021-02-09,155.0,3347.0,Stanislaus
2021-02-10,160.0,2871.0,Stanislaus
2021-02-11,117.0,2672.0,Stanislaus
2021-02-12,145.0,2081.0,Stanislaus
2021-02-13,88.0,874.0,Stanislaus
2021-02-14,71.0,615.0,Stanislaus
2021-02-15,110.0,2206.0,Stanislaus
2021-02-16,127.0,3519.0,Stanislaus
2021-02-17,124.0,2817.0,Stanislaus
2021-02-18,113.0,2358.0,Stanislaus
2021-02-19,100.0,1926.0,Stanislaus
2021-02-20,62.0,824.0,Stanislaus
2021-02-21,51.0,928.0,Stanislaus
2021-02-22,113.0,3387.0,Stanislaus
2021-02-23,102.0,2645.0,Stanislaus
2021-02-24,79.0,2052.0,Stanislaus
2021-02-25,71.0,1842.0,Stanislaus
2021-02-26,91.0,1814.0,Stanislaus
2021-02-27,56.0,754.0,Stanislaus
2021-02-28,55.0,891.0,Stanislaus
2021-03-01,90.0,3198.0,Stanislaus
2021-03-02,75.0,2384.0,Stanislaus
2021-03-03,87.0,2292.0,Stanislaus
2021-03-04,78.0,1988.0,Stanislaus
2021-03-05,87.0,1567.0,Stanislaus
2021-03-06,51.0,702.0,Stanislaus
2021-03-07,70.0,1016.0,Stanislaus
2021-03-08,132.0,3580.0,Stanislaus
2021-03-09,79.0,2508.0,Stanislaus
2021-03-10,98.0,2112.0,Stanislaus
2021-03-11,87.0,2251.0,Stanislaus
2021-03-12,85.0,1661.0,Stanislaus
2021-03-13,59.0,732.0,Stanislaus
2021-03-14,51.0,826.0,Stanislaus
2021-03-15,120.0,3178.0,Stanislaus
2021-03-16,78.0,2202.0,Stanislaus
2021-03-17,80.0,2274.0,Stanislaus
2021-03-18,75.0,1894.0,Stanislaus
2021-03-19,72.0,2385.0,Stanislaus
2021-03-20,58.0,834.0,Stanislaus
2021-03-21,56.0,864.0,Stanislaus
2021-03-22,90.0,3485.0,Stanislaus
2021-03-23,84.0,2375.0,Stanislaus
2021-03-24,99.0,2432.0,Stanislaus
2021-03-25,76.0,2023.0,Stanislaus
2021-03-26,67.0,1677.0,Stanislaus
2021-03-27,68.0,876.0,Stanislaus
2021-03-28,65.0,996.0,Stanislaus
2021-03-29,88.0,3794.0,Stanislaus
2021-03-30,83.0,2469.0,Stanislaus
2021-03-31,78.0,2116.0,Stanislaus
2021-04-01,68.0,1928.0,Stanislaus
2021-04-02,63.0,1498.0,Stanislaus
2021-04-03,45.0,794.0,Stanislaus
2021-04-04,35.0,747.0,Stanislaus
2021-04-05,93.0,3534.0,Stanislaus
2021-04-06,80.0,2218.0,Stanislaus
2021-04-07,57.0,2038.0,Stanislaus
2021-04-08,68.0,1957.0,Stanislaus
2021-04-09,78.0,1608.0,Stanislaus
2021-04-10,55.0,809.0,Stanislaus
2021-04-11,35.0,1008.0,Stanislaus
2021-04-12,83.0,3754.0,Stanislaus
2021-04-13,66.0,2421.0,Stanislaus
2021-04-14,72.0,2109.0,Stanislaus
2021-04-15,71.0,2026.0,Stanislaus
2021-04-16,54.0,1821.0,Stanislaus
2021-04-17,48.0,778.0,Stanislaus
2021-04-18,37.0,1424.0,Stanislaus
2021-04-19,82.0,3313.0,Stanislaus
2021-04-20,76.0,2421.0,Stanislaus
2021-04-21,65.0,2637.0,Stanislaus
2021-04-22,61.0,2168.0,Stanislaus
2021-04-23,73.0,1757.0,Stanislaus
2021-04-24,62.0,720.0,Stanislaus
2021-04-25,49.0,734.0,Stanislaus
2021-04-26,96.0,3848.0,Stanislaus
2021-04-27,90.0,2865.0,Stanislaus
2021-04-28,70.0,2224.0,Stanislaus
2021-04-29,55.0,2208.0,Stanislaus
2021-04-30,67.0,1631.0,Stanislaus
2021-05-01,51.0,767.0,Stanislaus
2021-05-02,35.0,768.0,Stanislaus
2021-05-03,74.0,3815.0,Stanislaus
2021-05-04,66.0,2502.0,Stanislaus
2021-05-05,56.0,2072.0,Stanislaus
2021-05-06,57.0,1947.0,Stanislaus
2021-05-07,56.0,1816.0,Stanislaus
2021-05-08,41.0,680.0,Stanislaus
2021-05-09,31.0,780.0,Stanislaus
2021-05-10,66.0,3610.0,Stanislaus
2021-05-11,75.0,2281.0,Stanislaus
2021-05-12,47.0,2054.0,Stanislaus
2021-05-13,40.0,1659.0,Stanislaus
2021-05-14,37.0,1520.0,Stanislaus
2021-05-15,33.0,773.0,Stanislaus
2021-05-16,31.0,834.0,Stanislaus
2021-05-17,50.0,3415.0,Stanislaus
2021-05-18,46.0,2013.0,Stanislaus
2021-05-19,35.0,1819.0,Stanislaus
2021-05-20,18.0,1545.0,Stanislaus
2021-05-21,25.0,1484.0,Stanislaus
2021-05-22,29.0,842.0,Stanislaus
2021-05-23,23.0,812.0,Stanislaus
2021-05-24,48.0,2223.0,Stanislaus
2021-05-25,34.0,1912.0,Stanislaus
2021-05-26,36.0,1874.0,Stanislaus
2021-05-27,22.0,1468.0,Stanislaus
2021-05-28,25.0,1484.0,Stanislaus
2021-05-29,18.0,789.0,Stanislaus
2021-05-30,18.0,632.0,Stanislaus
2021-05-31,11.0,819.0,Stanislaus
2021-06-01,41.0,2675.0,Stanislaus
2021-06-02,16.0,1937.0,Stanislaus
2021-06-03,19.0,1675.0,Stanislaus
2021-06-04,19.0,1309.0,Stanislaus
2021-06-05,15.0,743.0,Stanislaus
2021-06-06,8.0,785.0,Stanislaus
2021-06-07,36.0,2089.0,Stanislaus
2021-06-08,33.0,1545.0,Stanislaus
2021-06-09,27.0,1359.0,Stanislaus
2021-06-10,20.0,1446.0,Stanislaus
2021-06-11,21.0,1164.0,Stanislaus
2021-06-12,26.0,542.0,Stanislaus
2021-06-13,17.0,673.0,Stanislaus
2021-06-14,26.0,1828.0,Stanislaus
2021-06-15,37.0,1604.0,Stanislaus
2021-06-16,28.0,1386.0,Stanislaus
2021-06-17,31.0,1286.0,Stanislaus
2021-06-18,31.0,1031.0,Stanislaus
2021-06-19,15.0,714.0,Stanislaus
2021-06-20,19.0,754.0,Stanislaus
2021-06-21,33.0,1883.0,Stanislaus
2021-06-22,30.0,1449.0,Stanislaus
2021-06-23,16.0,1484.0,Stanislaus
2021-06-24,30.0,1197.0,Stanislaus
2021-06-25,26.0,984.0,Stanislaus
2021-06-26,16.0,521.0,Stanislaus
2021-06-27,16.0,536.0,Stanislaus
2021-06-28,40.0,1597.0,Stanislaus
2021-06-29,18.0,1608.0,Stanislaus
2021-06-30,21.0,1439.0,Stanislaus
2021-07-01,17.0,1153.0,Stanislaus
2021-07-02,18.0,985.0,Stanislaus
2021-07-03,17.0,573.0,Stanislaus
2021-07-04,11.0,240.0,Stanislaus
2021-07-05,15.0,901.0,Stanislaus
2021-07-06,30.0,1737.0,Stanislaus
2021-07-07,48.0,1450.0,Stanislaus
2021-07-08,32.0,1173.0,Stanislaus
2021-07-09,26.0,1063.0,Stanislaus
2021-07-10,29.0,476.0,Stanislaus
2021-07-11,36.0,630.0,Stanislaus
2021-07-12,66.0,1602.0,Stanislaus
2021-07-13,69.0,1413.0,Stanislaus
2021-07-14,70.0,1513.0,Stanislaus
2021-07-15,75.0,1586.0,Stanislaus
2021-07-16,69.0,1159.0,Stanislaus
2021-07-17,50.0,500.0,Stanislaus
2021-07-18,77.0,730.0,Stanislaus
2021-07-19,111.0,1701.0,Stanislaus
2021-07-20,101.0,1610.0,Stanislaus
2021-07-21,115.0,1672.0,Stanislaus
2021-07-22,102.0,1477.0,Stanislaus
2021-07-23,128.0,1288.0,Stanislaus
2021-07-24,76.0,584.0,Stanislaus
2021-07-25,92.0,801.0,Stanislaus
2021-07-26,166.0,2055.0,Stanislaus
2021-07-27,145.0,1939.0,Stanislaus
2021-07-28,168.0,1894.0,Stanislaus
2021-07-29,197.0,1793.0,Stanislaus
2021-07-30,172.0,1658.0,Stanislaus
2021-07-31,144.0,993.0,Stanislaus
2021-08-01,159.0,949.0,Stanislaus
2021-08-02,237.0,2479.0,Stanislaus
2021-08-03,219.0,2186.0,Stanislaus
2021-08-04,222.0,2406.0,Stanislaus
2021-08-05,225.0,2593.0,Stanislaus
2021-08-06,221.0,2202.0,Stanislaus
2021-08-07,138.0,919.0,Stanislaus
2021-08-08,170.0,1076.0,Stanislaus
2021-08-09,326.0,3014.0,Stanislaus
2021-08-10,280.0,2643.0,Stanislaus
2021-08-11,345.0,2996.0,Stanislaus
2021-08-12,331.0,3157.0,Stanislaus
2021-08-13,264.0,2797.0,Stanislaus
2021-08-14,172.0,1169.0,Stanislaus
2021-08-15,174.0,1232.0,Stanislaus
2021-08-16,368.0,4005.0,Stanislaus
2021-08-17,339.0,3717.0,Stanislaus
2021-08-18,341.0,3863.0,Stanislaus
2021-08-19,331.0,3772.0,Stanislaus
2021-08-20,343.0,3218.0,Stanislaus
2021-08-21,189.0,1425.0,Stanislaus
2021-08-22,182.0,1322.0,Stanislaus
2021-08-23,353.0,4241.0,Stanislaus
2021-08-24,335.0,3763.0,Stanislaus
2021-08-25,329.0,4181.0,Stanislaus
2021-08-26,282.0,4219.0,Stanislaus
2021-08-27,299.0,3687.0,Stanislaus
2021-08-28,209.0,1585.0,Stanislaus
2021-08-29,158.0,1592.0,Stanislaus
2021-08-30,345.0,4137.0,Stanislaus
2021-08-31,339.0,4134.0,Stanislaus
2021-09-01,354.0,3799.0,Stanislaus
2021-09-02,285.0,4128.0,Stanislaus
2021-09-03,241.0,3296.0,Stanislaus
2021-09-04,175.0,1426.0,Stanislaus
2021-09-05,147.0,1254.0,Stanislaus
2021-09-06,139.0,1090.0,Stanislaus
2021-09-07,342.0,4906.0,Stanislaus
2021-09-08,271.0,4181.0,Stanislaus
2021-09-09,231.0,3799.0,Stanislaus
2021-09-10,279.0,3479.0,Stanislaus
2021-09-11,156.0,1450.0,Stanislaus
2021-09-12,125.0,1021.0,Stanislaus
2021-09-13,299.0,4019.0,Stanislaus
2021-09-14,254.0,4032.0,Stanislaus
2021-09-15,259.0,3481.0,Stanislaus
2021-09-16,224.0,3514.0,Stanislaus
2021-09-17,233.0,3173.0,Stanislaus
2021-09-18,107.0,1077.0,Stanislaus
2021-09-19,145.0,1589.0,Stanislaus
2021-09-20,245.0,3961.0,Stanislaus
2021-09-21,199.0,3511.0,Stanislaus
2021-09-22,184.0,3022.0,Stanislaus
2021-09-23,165.0,2932.0,Stanislaus
2021-09-24,157.0,2807.0,Stanislaus
2021-09-25,116.0,1150.0,Stanislaus
2021-09-26,110.0,1033.0,Stanislaus
2021-09-27,200.0,3544.0,Stanislaus
2021-09-28,154.0,3093.0,Stanislaus
2021-09-29,171.0,2952.0,Stanislaus
2021-09-30,131.0,2933.0,Stanislaus
2021-10-01,160.0,2714.0,Stanislaus
2021-10-02,84.0,768.0,Stanislaus
2021-10-03,86.0,1084.0,Stanislaus
2021-10-04,188.0,3675.0,Stanislaus
2021-10-05,152.0,3003.0,Stanislaus
2021-10-06,162.0,2719.0,Stanislaus
2021-10-07,142.0,2837.0,Stanislaus
2021-10-08,162.0,2643.0,Stanislaus
2021-10-09,69.0,734.0,Stanislaus
2021-10-10,90.0,1075.0,Stanislaus
2021-10-11,178.0,3099.0,Stanislaus
2021-10-12,171.0,3638.0,Stanislaus
2021-10-13,152.0,2699.0,Stanislaus
2021-10-14,142.0,2972.0,Stanislaus
2021-10-15,146.0,2485.0,Stanislaus
2021-10-16,80.0,779.0,Stanislaus
2021-10-17,86.0,1126.0,Stanislaus
2021-10-18,197.0,3411.0,Stanislaus
2021-10-19,164.0,3626.0,Stanislaus
2021-10-20,142.0,2772.0,Stanislaus
2021-10-21,150.0,2797.0,Stanislaus
2021-10-22,169.0,2639.0,Stanislaus
2021-10-23,103.0,770.0,Stanislaus
2021-10-24,89.0,992.0,Stanislaus
2021-10-25,192.0,3271.0,Stanislaus
2021-10-26,192.0,3314.0,Stanislaus
2021-10-27,174.0,2742.0,Stanislaus
2021-10-28,160.0,2660.0,Stanislaus
2021-10-29,153.0,2450.0,Stanislaus
2021-10-30,85.0,753.0,Stanislaus
2021-10-31,70.0,870.0,Stanislaus
2021-11-01,189.0,3087.0,Stanislaus
2021-11-02,129.0,3469.0,Stanislaus
2021-11-03,155.0,2774.0,Stanislaus
2021-11-04,131.0,2707.0,Stanislaus
2021-11-05,138.0,2438.0,Stanislaus
2021-11-06,58.0,839.0,Stanislaus
2021-11-07,68.0,956.0,Stanislaus
2021-11-08,155.0,3124.0,Stanislaus
2021-11-09,152.0,3001.0,Stanislaus
2021-11-10,106.0,2741.0,Stanislaus
2021-11-11,102.0,1921.0,Stanislaus
2021-11-12,82.0,2219.0,Stanislaus
2021-11-13,52.0,740.0,Stanislaus
2021-11-14,75.0,897.0,Stanislaus
2021-11-15,135.0,3033.0,Stanislaus
2021-11-16,85.0,2780.0,Stanislaus
2021-11-17,95.0,2278.0,Stanislaus
2021-11-18,89.0,1924.0,Stanislaus
2021-11-19,67.0,1649.0,Stanislaus
2021-11-20,57.0,636.0,Stanislaus
2021-11-21,46.0,893.0,Stanislaus
2021-11-22,95.0,2569.0,Stanislaus
2021-11-23,88.0,2374.0,Stanislaus
2021-11-24,69.0,1955.0,Stanislaus
2021-11-25,37.0,315.0,Stanislaus
2021-11-26,65.0,1286.0,Stanislaus
2021-11-27,73.0,767.0,Stanislaus
2021-11-28,68.0,964.0,Stanislaus
2021-11-29,119.0,3971.0,Stanislaus
2021-11-30,82.0,3004.0,Stanislaus
2021-12-01,100.0,2488.0,Stanislaus
2021-12-02,93.0,2371.0,Stanislaus
2021-12-03,92.0,1848.0,Stanislaus
2021-12-04,57.0,696.0,Stanislaus
2021-12-05,71.0,997.0,Stanislaus
2021-12-06,133.0,3353.0,Stanislaus
2021-12-07,94.0,3180.0,Stanislaus
2021-12-08,77.0,2362.0,Stanislaus
2021-12-09,82.0,2212.0,Stanislaus
2021-12-10,70.0,1806.0,Stanislaus
2021-12-11,66.0,712.0,Stanislaus
2021-12-12,49.0,924.0,Stanislaus
2021-12-13,98.0,3063.0,Stanislaus
2021-12-14,116.0,2823.0,Stanislaus
2021-12-15,86.0,2354.0,Stanislaus
2021-12-16,106.0,2047.0,Stanislaus
2021-12-17,87.0,1696.0,Stanislaus
2021-12-18,51.0,670.0,Stanislaus
2021-12-19,82.0,989.0,Stanislaus
2021-12-20,138.0,2447.0,Stanislaus
2021-12-21,124.0,2012.0,Stanislaus
2021-12-22,155.0,1956.0,Stanislaus
2021-12-23,141.0,1641.0,Stanislaus
2021-12-24,129.0,775.0,Stanislaus
2021-12-25,112.0,559.0,Stanislaus
2021-12-26,213.0,1405.0,Stanislaus
2021-12-27,372.0,2801.0,Stanislaus
2021-12-28,449.0,3314.0,Stanislaus
2021-12-29,480.0,3155.0,Stanislaus
2021-12-30,482.0,3099.0,Stanislaus
2021-12-31,314.0,1447.0,Stanislaus
2022-01-01,328.0,752.0,Stanislaus
2022-01-02,407.0,1824.0,Stanislaus
2022-01-03,854.0,4390.0,Stanislaus
2022-01-04,991.0,5286.0,Stanislaus
2022-01-05,1061.0,4841.0,Stanislaus
2022-01-06,985.0,4244.0,Stanislaus
2022-01-07,1150.0,4722.0,Stanislaus
2022-01-08,528.0,1760.0,Stanislaus
2022-01-09,640.0,2205.0,Stanislaus
2022-01-10,1369.0,6215.0,Stanislaus
2022-01-11,1335.0,5962.0,Stanislaus
2022-01-12,1367.0,5257.0,Stanislaus
2022-01-13,1232.0,5057.0,Stanislaus
2022-01-14,1117.0,4355.0,Stanislaus
2022-01-15,606.0,1855.0,Stanislaus
2022-01-16,582.0,1989.0,Stanislaus
2022-01-17,1064.0,4449.0,Stanislaus
2022-01-18,1312.0,6028.0,Stanislaus
2022-01-19,1217.0,5157.0,Stanislaus
2022-01-20,1051.0,4369.0,Stanislaus
2022-01-21,957.0,3892.0,Stanislaus
2022-01-22,503.0,1945.0,Stanislaus
2022-01-23,458.0,1765.0,Stanislaus
2022-01-24,859.0,5049.0,Stanislaus
2022-01-25,757.0,4376.0,Stanislaus
2022-01-26,671.0,3653.0,Stanislaus
2022-01-27,557.0,3512.0,Stanislaus
2022-01-28,527.0,3133.0,Stanislaus
2022-01-29,273.0,1334.0,Stanislaus
2022-01-30,249.0,1478.0,Stanislaus
2022-01-31,656.0,4814.0,Stanislaus
2022-02-01,527.0,3686.0,Stanislaus
2022-02-02,411.0,2994.0,Stanislaus
2022-02-03,396.0,3134.0,Stanislaus
2022-02-04,378.0,2606.0,Stanislaus
2022-02-05,181.0,959.0,Stanislaus
2022-02-06,203.0,1352.0,Stanislaus
2022-02-07,397.0,3994.0,Stanislaus
2022-02-08,258.0,3072.0,Stanislaus
2022-02-09,253.0,2487.0,Stanislaus
2022-02-10,249.0,2530.0,Stanislaus
2022-02-11,179.0,2117.0,Stanislaus
2022-02-12,102.0,839.0,Stanislaus
2022-02-13,125.0,994.0,Stanislaus
2022-02-14,196.0,3029.0,Stanislaus
2022-02-15,177.0,2429.0,Stanislaus
2022-02-16,141.0,2593.0,Stanislaus
2022-02-17,119.0,2024.0,Stanislaus
2022-02-18,103.0,1789.0,Stanislaus
2022-02-19,50.0,673.0,Stanislaus
2022-02-20,71.0,704.0,Stanislaus
2022-02-21,67.0,1535.0,Stanislaus
2022-02-22,112.0,3335.0,Stanislaus
2022-02-23,81.0,2261.0,Stanislaus
2022-02-24,77.0,1890.0,Stanislaus
2022-02-25,76.0,1669.0,Stanislaus
2022-02-26,28.0,521.0,Stanislaus
2022-02-27,38.0,891.0,Stanislaus
2022-02-28,67.0,2790.0,Stanislaus
2022-03-01,64.0,2132.0,Stanislaus
2022-03-02,52.0,1964.0,Stanislaus
2022-03-03,36.0,1513.0,Stanislaus
2022-03-04,33.0,1326.0,Stanislaus
2022-03-05,19.0,557.0,Stanislaus
2022-03-06,26.0,762.0,Stanislaus
2022-03-07,46.0,2577.0,Stanislaus
2022-03-08,39.0,1940.0,Stanislaus
2022-03-09,44.0,1719.0,Stanislaus
2022-03-10,37.0,1348.0,Stanislaus
2022-03-11,36.0,1410.0,Stanislaus
2022-03-12,14.0,450.0,Stanislaus
2022-03-13,14.0,719.0,Stanislaus
2022-03-14,34.0,1803.0,Stanislaus
2022-03-15,36.0,1710.0,Stanislaus
2022-03-16,18.0,1359.0,Stanislaus
2022-03-17,26.0,1356.0,Stanislaus
2022-03-18,14.0,1246.0,Stanislaus
2022-03-19,13.0,419.0,Stanislaus
2022-03-20,10.0,569.0,Stanislaus
2022-03-21,26.0,1766.0,Stanislaus
2022-03-22,33.0,1530.0,Stanislaus
2022-03-23,17.0,1555.0,Stanislaus
2022-03-24,17.0,1113.0,Stanislaus
2022-03-25,10.0,1050.0,Stanislaus
2022-03-26,14.0,442.0,Stanislaus
2022-03-27,7.0,576.0,Stanislaus
2022-03-28,20.0,1921.0,Stanislaus
2022-03-29,12.0,1799.0,Stanislaus
2022-03-30,19.0,1146.0,Stanislaus
2022-03-31,13.0,930.0,Stanislaus
2022-04-01,18.0,1038.0,Stanislaus
2022-04-02,12.0,401.0,Stanislaus
2022-04-03,9.0,550.0,Stanislaus
2022-04-04,31.0,2101.0,Stanislaus
2022-04-05,21.0,1636.0,Stanislaus
2022-04-06,14.0,1088.0,Stanislaus
2022-04-07,16.0,1088.0,Stanislaus
2022-04-08,22.0,936.0,Stanislaus
2022-04-09,15.0,467.0,Stanislaus
2022-04-10,13.0,568.0,Stanislaus
2022-04-11,23.0,1858.0,Stanislaus
2022-04-12,34.0,1689.0,Stanislaus
2022-04-13,20.0,1195.0,Stanislaus
2022-04-14,18.0,1140.0,Stanislaus
2022-04-15,20.0,953.0,Stanislaus
2022-04-16,20.0,454.0,Stanislaus
2022-04-17,20.0,375.0,Stanislaus
2022-04-18,30.0,1862.0,Stanislaus
2022-04-19,30.0,1612.0,Stanislaus
2022-04-20,26.0,1140.0,Stanislaus
2022-04-21,36.0,1092.0,Stanislaus
2022-04-22,39.0,951.0,Stanislaus
2022-04-23,22.0,409.0,Stanislaus
2022-04-24,36.0,647.0,Stanislaus
2022-04-25,51.0,2046.0,Stanislaus
2022-04-26,46.0,1765.0,Stanislaus
2022-04-27,36.0,1180.0,Stanislaus
2022-04-28,44.0,1115.0,Stanislaus
2022-04-29,39.0,1089.0,Stanislaus
2022-04-30,23.0,435.0,Stanislaus
2022-05-01,32.0,581.0,Stanislaus
2022-05-02,56.0,1922.0,Stanislaus
2022-05-03,73.0,1906.0,Stanislaus
2022-05-04,54.0,1266.0,Stanislaus
2022-05-05,62.0,1235.0,Stanislaus
2022-05-06,58.0,1243.0,Stanislaus
2022-05-07,57.0,484.0,Stanislaus
2022-05-08,47.0,698.0,Stanislaus
2022-05-09,108.0,2112.0,Stanislaus
2022-05-10,96.0,2023.0,Stanislaus
2022-05-11,94.0,1460.0,Stanislaus
2022-05-12,102.0,1346.0,Stanislaus
2022-05-13,101.0,1380.0,Stanislaus
2022-05-14,95.0,634.0,Stanislaus
2022-05-15,84.0,859.0,Stanislaus
2022-05-16,170.0,2244.0,Stanislaus
2022-05-17,146.0,2338.0,Stanislaus
2022-05-18,149.0,1443.0,Stanislaus
2022-05-19,109.0,1531.0,Stanislaus
2022-05-20,129.0,1445.0,Stanislaus
2022-05-21,82.0,595.0,Stanislaus
2022-05-22,79.0,812.0,Stanislaus
2022-05-23,174.0,2527.0,Stanislaus
2022-05-24,141.0,2185.0,Stanislaus
2022-05-25,140.0,1456.0,Stanislaus
2022-05-26,140.0,1481.0,Stanislaus
2022-05-27,106.0,1259.0,Stanislaus
2022-05-28,84.0,688.0,Stanislaus
2022-05-29,99.0,770.0,Stanislaus
2022-05-30,99.0,748.0,Stanislaus
2022-05-31,192.0,2565.0,Stanislaus
2022-06-01,207.0,1642.0,Stanislaus
2022-06-02,191.0,1651.0,Stanislaus
2022-06-03,160.0,1501.0,Stanislaus
2022-06-04,109.0,646.0,Stanislaus
2022-06-05,139.0,876.0,Stanislaus
2022-06-06,200.0,2034.0,Stanislaus
2022-06-07,187.0,1696.0,Stanislaus
2022-06-08,173.0,1412.0,Stanislaus
2022-06-09,184.0,1563.0,Stanislaus
2022-06-10,168.0,1392.0,Stanislaus
2022-06-11,120.0,642.0,Stanislaus
2022-06-12,103.0,818.0,Stanislaus
2022-06-13,199.0,1912.0,Stanislaus
2022-06-14,171.0,1722.0,Stanislaus
2022-06-15,179.0,1324.0,Stanislaus
2022-06-16,143.0,1457.0,Stanislaus
2022-06-17,160.0,1137.0,Stanislaus
2022-06-18,97.0,544.0,Stanislaus
2022-06-19,108.0,777.0,Stanislaus
2022-06-20,186.0,1843.0,Stanislaus
2022-06-21,186.0,1544.0,Stanislaus
2022-06-22,194.0,1294.0,Stanislaus
2022-06-23,196.0,1568.0,Stanislaus
2022-06-24,181.0,1158.0,Stanislaus
2022-06-25,125.0,584.0,Stanislaus
2022-06-26,130.0,772.0,Stanislaus
2022-06-27,201.0,1633.0,Stanislaus
2022-06-28,228.0,1616.0,Stanislaus
2022-06-29,202.0,1261.0,Stanislaus
2022-06-30,176.0,1241.0,Stanislaus
2022-07-01,194.0,1123.0,Stanislaus
2022-07-02,130.0,509.0,Stanislaus
2022-07-03,119.0,541.0,Stanislaus
2022-07-04,117.0,675.0,Stanislaus
2022-07-05,290.0,1865.0,Stanislaus
2022-07-06,242.0,1443.0,Stanislaus
2022-07-07,223.0,1508.0,Stanislaus
2022-07-08,200.0,1232.0,Stanislaus
2022-07-09,138.0,575.0,Stanislaus
2022-07-10,164.0,651.0,Stanislaus
2022-07-11,240.0,1386.0,Stanislaus
2022-07-12,225.0,1754.0,Stanislaus
2022-07-13,246.0,1323.0,Stanislaus
2022-07-14,201.0,1225.0,Stanislaus
2022-07-15,203.0,1168.0,Stanislaus
2022-07-16,122.0,553.0,Stanislaus
2022-07-17,131.0,651.0,Stanislaus
2022-07-18,267.0,1675.0,Stanislaus
2022-07-19,222.0,1613.0,Stanislaus
2022-07-20,242.0,1250.0,Stanislaus
2022-07-21,164.0,1232.0,Stanislaus
2022-07-22,192.0,1081.0,Stanislaus
2022-07-23,129.0,528.0,Stanislaus
2022-07-24,130.0,627.0,Stanislaus
2022-07-25,292.0,1756.0,Stanislaus
2022-07-26,196.0,1508.0,Stanislaus
2022-07-27,212.0,1365.0,Stanislaus
2022-07-28,200.0,1103.0,Stanislaus
2022-07-29,151.0,991.0,Stanislaus
2022-07-30,96.0,429.0,Stanislaus
2022-07-31,127.0,570.0,Stanislaus
2022-08-01,226.0,1694.0,Stanislaus
2022-08-02,156.0,1225.0,Stanislaus
2022-08-03,139.0,1089.0,Stanislaus
2022-08-04,125.0,1122.0,Stanislaus
2022-08-05,135.0,875.0,Stanislaus
2022-08-06,73.0,363.0,Stanislaus
2022-08-07,35.0,192.0,Stanislaus
2022-08-08,0.0,0.0,Stanislaus
2020-02-01,0.0,0.0,Yolo
2020-02-02,0.0,0.0,Yolo
2020-02-03,0.0,0.0,Yolo
2020-02-04,0.0,0.0,Yolo
2020-02-05,0.0,0.0,Yolo
2020-02-06,0.0,0.0,Yolo
2020-02-07,0.0,0.0,Yolo
2020-02-08,0.0,0.0,Yolo
2020-02-09,0.0,0.0,Yolo
2020-02-10,0.0,0.0,Yolo
2020-02-11,0.0,0.0,Yolo
2020-02-12,0.0,0.0,Yolo
2020-02-13,0.0,0.0,Yolo
2020-02-14,0.0,0.0,Yolo
2020-02-15,0.0,0.0,Yolo
2020-02-16,0.0,0.0,Yolo
2020-02-17,0.0,0.0,Yolo
2020-02-18,0.0,0.0,Yolo
2020-02-19,0.0,0.0,Yolo
2020-02-20,0.0,0.0,Yolo
2020-02-21,0.0,0.0,Yolo
2020-02-22,0.0,0.0,Yolo
2020-02-23,1.0,0.0,Yolo
2020-02-24,0.0,1.0,Yolo
2020-02-25,0.0,0.0,Yolo
2020-02-26,0.0,0.0,Yolo
2020-02-27,0.0,0.0,Yolo
2020-02-28,0.0,0.0,Yolo
2020-02-29,0.0,0.0,Yolo
2020-03-01,0.0,0.0,Yolo
2020-03-02,0.0,5.0,Yolo
2020-03-03,0.0,2.0,Yolo
2020-03-04,1.0,2.0,Yolo
2020-03-05,0.0,0.0,Yolo
2020-03-06,0.0,2.0,Yolo
2020-03-07,0.0,2.0,Yolo
2020-03-08,0.0,0.0,Yolo
2020-03-09,3.0,10.0,Yolo
2020-03-10,1.0,4.0,Yolo
2020-03-11,3.0,10.0,Yolo
2020-03-12,4.0,17.0,Yolo
2020-03-13,1.0,24.0,Yolo
2020-03-14,1.0,8.0,Yolo
2020-03-15,0.0,4.0,Yolo
2020-03-16,4.0,42.0,Yolo
2020-03-17,2.0,38.0,Yolo
2020-03-18,4.0,28.0,Yolo
2020-03-19,3.0,48.0,Yolo
2020-03-20,4.0,42.0,Yolo
2020-03-21,2.0,19.0,Yolo
2020-03-22,0.0,11.0,Yolo
2020-03-23,6.0,27.0,Yolo
2020-03-24,1.0,27.0,Yolo
2020-03-25,4.0,42.0,Yolo
2020-03-26,2.0,49.0,Yolo
2020-03-27,4.0,54.0,Yolo
2020-03-28,1.0,32.0,Yolo
2020-03-29,1.0,23.0,Yolo
2020-03-30,5.0,52.0,Yolo
2020-03-31,3.0,62.0,Yolo
2020-04-01,7.0,69.0,Yolo
2020-04-02,5.0,89.0,Yolo
2020-04-03,2.0,68.0,Yolo
2020-04-04,1.0,38.0,Yolo
2020-04-05,2.0,41.0,Yolo
2020-04-06,19.0,80.0,Yolo
2020-04-07,4.0,68.0,Yolo
2020-04-08,7.0,84.0,Yolo
2020-04-09,17.0,121.0,Yolo
2020-04-10,9.0,73.0,Yolo
2020-04-11,2.0,24.0,Yolo
2020-04-12,3.0,17.0,Yolo
2020-04-13,14.0,136.0,Yolo
2020-04-14,6.0,68.0,Yolo
2020-04-15,3.0,99.0,Yolo
2020-04-16,7.0,151.0,Yolo
2020-04-17,2.0,76.0,Yolo
2020-04-18,1.0,32.0,Yolo
2020-04-19,2.0,27.0,Yolo
2020-04-20,0.0,89.0,Yolo
2020-04-21,1.0,83.0,Yolo
2020-04-22,2.0,83.0,Yolo
2020-04-23,1.0,112.0,Yolo
2020-04-24,3.0,71.0,Yolo
2020-04-25,1.0,35.0,Yolo
2020-04-26,0.0,50.0,Yolo
2020-04-27,1.0,104.0,Yolo
2020-04-28,3.0,169.0,Yolo
2020-04-29,0.0,105.0,Yolo
2020-04-30,3.0,115.0,Yolo
2020-05-01,1.0,124.0,Yolo
2020-05-02,0.0,59.0,Yolo
2020-05-03,0.0,54.0,Yolo
2020-05-04,1.0,143.0,Yolo
2020-05-05,1.0,230.0,Yolo
2020-05-06,2.0,231.0,Yolo
2020-05-07,1.0,189.0,Yolo
2020-05-08,1.0,221.0,Yolo
2020-05-09,1.0,133.0,Yolo
2020-05-10,0.0,65.0,Yolo
2020-05-11,0.0,143.0,Yolo
2020-05-12,0.0,245.0,Yolo
2020-05-13,1.0,256.0,Yolo
2020-05-14,2.0,173.0,Yolo
2020-05-15,0.0,170.0,Yolo
2020-05-16,1.0,88.0,Yolo
2020-05-17,1.0,50.0,Yolo
2020-05-18,2.0,210.0,Yolo
2020-05-19,5.0,341.0,Yolo
2020-05-20,2.0,257.0,Yolo
2020-05-21,3.0,254.0,Yolo
2020-05-22,3.0,202.0,Yolo
2020-05-23,2.0,124.0,Yolo
2020-05-24,1.0,60.0,Yolo
2020-05-25,2.0,63.0,Yolo
2020-05-26,2.0,242.0,Yolo
2020-05-27,6.0,246.0,Yolo
2020-05-28,1.0,250.0,Yolo
2020-05-29,3.0,379.0,Yolo
2020-05-30,4.0,147.0,Yolo
2020-05-31,4.0,80.0,Yolo
2020-06-01,6.0,229.0,Yolo
2020-06-02,3.0,217.0,Yolo
2020-06-03,2.0,214.0,Yolo
2020-06-04,4.0,232.0,Yolo
2020-06-05,5.0,281.0,Yolo
2020-06-06,1.0,166.0,Yolo
2020-06-07,2.0,106.0,Yolo
2020-06-08,10.0,227.0,Yolo
2020-06-09,11.0,421.0,Yolo
2020-06-10,11.0,281.0,Yolo
2020-06-11,8.0,270.0,Yolo
2020-06-12,8.0,700.0,Yolo
2020-06-13,12.0,172.0,Yolo
2020-06-14,20.0,125.0,Yolo
2020-06-15,16.0,328.0,Yolo
2020-06-16,20.0,414.0,Yolo
2020-06-17,23.0,581.0,Yolo
2020-06-18,20.0,428.0,Yolo
2020-06-19,33.0,539.0,Yolo
2020-06-20,19.0,223.0,Yolo
2020-06-21,16.0,113.0,Yolo
2020-06-22,32.0,387.0,Yolo
2020-06-23,26.0,585.0,Yolo
2020-06-24,26.0,465.0,Yolo
2020-06-25,35.0,689.0,Yolo
2020-06-26,29.0,702.0,Yolo
2020-06-27,23.0,319.0,Yolo
2020-06-28,24.0,297.0,Yolo
2020-06-29,35.0,440.0,Yolo
2020-06-30,33.0,549.0,Yolo
2020-07-01,38.0,509.0,Yolo
2020-07-02,51.0,1058.0,Yolo
2020-07-03,32.0,517.0,Yolo
2020-07-04,34.0,119.0,Yolo
2020-07-05,25.0,161.0,Yolo
2020-07-06,40.0,891.0,Yolo
2020-07-07,56.0,818.0,Yolo
2020-07-08,68.0,967.0,Yolo
2020-07-09,44.0,762.0,Yolo
2020-07-10,48.0,703.0,Yolo
2020-07-11,24.0,298.0,Yolo
2020-07-12,29.0,495.0,Yolo
2020-07-13,41.0,637.0,Yolo
2020-07-14,46.0,930.0,Yolo
2020-07-15,48.0,576.0,Yolo
2020-07-16,33.0,673.0,Yolo
2020-07-17,42.0,610.0,Yolo
2020-07-18,24.0,209.0,Yolo
2020-07-19,28.0,185.0,Yolo
2020-07-20,40.0,445.0,Yolo
2020-07-21,40.0,535.0,Yolo
2020-07-22,54.0,811.0,Yolo
2020-07-23,43.0,906.0,Yolo
2020-07-24,19.0,739.0,Yolo
2020-07-25,14.0,179.0,Yolo
2020-07-26,15.0,141.0,Yolo
2020-07-27,31.0,488.0,Yolo
2020-07-28,45.0,742.0,Yolo
2020-07-29,28.0,584.0,Yolo
2020-07-30,26.0,976.0,Yolo
2020-07-31,20.0,469.0,Yolo
2020-08-01,26.0,195.0,Yolo
2020-08-02,10.0,131.0,Yolo
2020-08-03,25.0,539.0,Yolo
2020-08-04,35.0,657.0,Yolo
2020-08-05,26.0,601.0,Yolo
2020-08-06,28.0,817.0,Yolo
2020-08-07,24.0,442.0,Yolo
2020-08-08,27.0,197.0,Yolo
2020-08-09,13.0,111.0,Yolo
2020-08-10,31.0,352.0,Yolo
2020-08-11,23.0,459.0,Yolo
2020-08-12,22.0,533.0,Yolo
2020-08-13,24.0,600.0,Yolo
2020-08-14,27.0,495.0,Yolo
2020-08-15,14.0,233.0,Yolo
2020-08-16,12.0,145.0,Yolo
2020-08-17,19.0,532.0,Yolo
2020-08-18,27.0,489.0,Yolo
2020-08-19,22.0,472.0,Yolo
2020-08-20,22.0,504.0,Yolo
2020-08-21,22.0,411.0,Yolo
2020-08-22,15.0,227.0,Yolo
2020-08-23,16.0,111.0,Yolo
2020-08-24,28.0,389.0,Yolo
2020-08-25,34.0,498.0,Yolo
2020-08-26,13.0,520.0,Yolo
2020-08-27,22.0,454.0,Yolo
2020-08-28,24.0,489.0,Yolo
2020-08-29,9.0,206.0,Yolo
2020-08-30,18.0,109.0,Yolo
2020-08-31,28.0,568.0,Yolo
2020-09-01,18.0,598.0,Yolo
2020-09-02,17.0,536.0,Yolo
2020-09-03,21.0,524.0,Yolo
2020-09-04,16.0,479.0,Yolo
2020-09-05,14.0,216.0,Yolo
2020-09-06,10.0,169.0,Yolo
2020-09-07,14.0,201.0,Yolo
2020-09-08,17.0,588.0,Yolo
2020-09-09,10.0,670.0,Yolo
2020-09-10,11.0,606.0,Yolo
2020-09-11,5.0,485.0,Yolo
2020-09-12,11.0,159.0,Yolo
2020-09-13,7.0,156.0,Yolo
2020-09-14,12.0,558.0,Yolo
2020-09-15,11.0,744.0,Yolo
2020-09-16,4.0,529.0,Yolo
2020-09-17,7.0,582.0,Yolo
2020-09-18,9.0,520.0,Yolo
2020-09-19,6.0,204.0,Yolo
2020-09-20,8.0,152.0,Yolo
2020-09-21,8.0,574.0,Yolo
2020-09-22,6.0,590.0,Yolo
2020-09-23,7.0,635.0,Yolo
2020-09-24,18.0,604.0,Yolo
2020-09-25,7.0,449.0,Yolo
2020-09-26,8.0,294.0,Yolo
2020-09-27,2.0,160.0,Yolo
2020-09-28,14.0,693.0,Yolo
2020-09-29,17.0,737.0,Yolo
2020-09-30,13.0,739.0,Yolo
2020-10-01,13.0,677.0,Yolo
2020-10-02,18.0,590.0,Yolo
2020-10-03,5.0,258.0,Yolo
2020-10-04,7.0,192.0,Yolo
2020-10-05,11.0,805.0,Yolo
2020-10-06,19.0,713.0,Yolo
2020-10-07,14.0,829.0,Yolo
2020-10-08,26.0,659.0,Yolo
2020-10-09,17.0,609.0,Yolo
2020-10-10,7.0,285.0,Yolo
2020-10-11,9.0,249.0,Yolo
2020-10-12,30.0,1132.0,Yolo
2020-10-13,15.0,757.0,Yolo
2020-10-14,8.0,663.0,Yolo
2020-10-15,18.0,733.0,Yolo
2020-10-16,20.0,678.0,Yolo
2020-10-17,9.0,231.0,Yolo
2020-10-18,15.0,349.0,Yolo
2020-10-19,39.0,1010.0,Yolo
2020-10-20,13.0,732.0,Yolo
2020-10-21,23.0,637.0,Yolo
2020-10-22,19.0,622.0,Yolo
2020-10-23,12.0,611.0,Yolo
2020-10-24,12.0,242.0,Yolo
2020-10-25,12.0,266.0,Yolo
2020-10-26,21.0,1042.0,Yolo
2020-10-27,19.0,726.0,Yolo
2020-10-28,13.0,559.0,Yolo
2020-10-29,24.0,603.0,Yolo
2020-10-30,29.0,507.0,Yolo
2020-10-31,17.0,292.0,Yolo
2020-11-01,35.0,298.0,Yolo
2020-11-02,48.0,1098.0,Yolo
2020-11-03,49.0,664.0,Yolo
2020-11-04,51.0,729.0,Yolo
2020-11-05,41.0,626.0,Yolo
2020-11-06,50.0,794.0,Yolo
2020-11-07,29.0,328.0,Yolo
2020-11-08,31.0,295.0,Yolo
2020-11-09,61.0,1229.0,Yolo
2020-11-10,61.0,869.0,Yolo
2020-11-11,61.0,642.0,Yolo
2020-11-12,51.0,723.0,Yolo
2020-11-13,44.0,864.0,Yolo
2020-11-14,51.0,424.0,Yolo
2020-11-15,43.0,387.0,Yolo
2020-11-16,103.0,1435.0,Yolo
2020-11-17,95.0,968.0,Yolo
2020-11-18,177.0,1086.0,Yolo
2020-11-19,74.0,852.0,Yolo
2020-11-20,94.0,1052.0,Yolo
2020-11-21,78.0,483.0,Yolo
2020-11-22,74.0,619.0,Yolo
2020-11-23,100.0,1649.0,Yolo
2020-11-24,81.0,790.0,Yolo
2020-11-25,84.0,947.0,Yolo
2020-11-26,36.0,170.0,Yolo
2020-11-27,87.0,619.0,Yolo
2020-11-28,50.0,438.0,Yolo
2020-11-29,74.0,489.0,Yolo
2020-11-30,138.0,1396.0,Yolo
2020-12-01,111.0,1143.0,Yolo
2020-12-02,140.0,1080.0,Yolo
2020-12-03,111.0,1028.0,Yolo
2020-12-04,138.0,1192.0,Yolo
2020-12-05,74.0,678.0,Yolo
2020-12-06,76.0,483.0,Yolo
2020-12-07,161.0,1737.0,Yolo
2020-12-08,162.0,1136.0,Yolo
2020-12-09,132.0,1085.0,Yolo
2020-12-10,125.0,971.0,Yolo
2020-12-11,121.0,733.0,Yolo
2020-12-12,106.0,490.0,Yolo
2020-12-13,82.0,474.0,Yolo
2020-12-14,183.0,1474.0,Yolo
2020-12-15,161.0,1252.0,Yolo
2020-12-16,122.0,959.0,Yolo
2020-12-17,128.0,1326.0,Yolo
2020-12-18,125.0,749.0,Yolo
2020-12-19,68.0,490.0,Yolo
2020-12-20,69.0,914.0,Yolo
2020-12-21,152.0,1562.0,Yolo
2020-12-22,145.0,1066.0,Yolo
2020-12-23,114.0,1030.0,Yolo
2020-12-24,78.0,474.0,Yolo
2020-12-25,42.0,124.0,Yolo
2020-12-26,96.0,1278.0,Yolo
2020-12-27,103.0,441.0,Yolo
2020-12-28,189.0,1555.0,Yolo
2020-12-29,154.0,1081.0,Yolo
2020-12-30,129.0,1120.0,Yolo
2020-12-31,108.0,816.0,Yolo
2021-01-01,87.0,268.0,Yolo
2021-01-02,111.0,2045.0,Yolo
2021-01-03,99.0,1672.0,Yolo
2021-01-04,157.0,3169.0,Yolo
2021-01-05,195.0,2973.0,Yolo
2021-01-06,175.0,2568.0,Yolo
2021-01-07,165.0,1693.0,Yolo
2021-01-08,140.0,996.0,Yolo
2021-01-09,88.0,1304.0,Yolo
2021-01-10,73.0,1289.0,Yolo
2021-01-11,153.0,3311.0,Yolo
2021-01-12,208.0,3122.0,Yolo
2021-01-13,136.0,2829.0,Yolo
2021-01-14,100.0,1996.0,Yolo
2021-01-15,108.0,1958.0,Yolo
2021-01-16,56.0,1083.0,Yolo
2021-01-17,49.0,680.0,Yolo
2021-01-18,100.0,2130.0,Yolo
2021-01-19,129.0,2925.0,Yolo
2021-01-20,87.0,3032.0,Yolo
2021-01-21,68.0,2183.0,Yolo
2021-01-22,91.0,2019.0,Yolo
2021-01-23,34.0,1091.0,Yolo
2021-01-24,42.0,1226.0,Yolo
2021-01-25,84.0,2547.0,Yolo
2021-01-26,86.0,2528.0,Yolo
2021-01-27,45.0,2370.0,Yolo
2021-01-28,48.0,2062.0,Yolo
2021-01-29,43.0,1952.0,Yolo
2021-01-30,38.0,885.0,Yolo
2021-01-31,14.0,1166.0,Yolo
2021-02-01,61.0,2585.0,Yolo
2021-02-02,48.0,2416.0,Yolo
2021-02-03,45.0,2863.0,Yolo
2021-02-04,25.0,1961.0,Yolo
2021-02-05,34.0,2149.0,Yolo
2021-02-06,19.0,1020.0,Yolo
2021-02-07,23.0,1060.0,Yolo
2021-02-08,45.0,2874.0,Yolo
2021-02-09,32.0,2616.0,Yolo
2021-02-10,42.0,2768.0,Yolo
2021-02-11,24.0,2011.0,Yolo
2021-02-12,24.0,1907.0,Yolo
2021-02-13,21.0,926.0,Yolo
2021-02-14,13.0,846.0,Yolo
2021-02-15,29.0,1404.0,Yolo
2021-02-16,35.0,2758.0,Yolo
2021-02-17,29.0,2900.0,Yolo
2021-02-18,19.0,2000.0,Yolo
2021-02-19,26.0,2169.0,Yolo
2021-02-20,16.0,817.0,Yolo
2021-02-21,14.0,1016.0,Yolo
2021-02-22,31.0,2609.0,Yolo
2021-02-23,27.0,2243.0,Yolo
2021-02-24,29.0,2392.0,Yolo
2021-02-25,13.0,1864.0,Yolo
2021-02-26,17.0,1927.0,Yolo
2021-02-27,7.0,949.0,Yolo
2021-02-28,12.0,1078.0,Yolo
2021-03-01,23.0,3489.0,Yolo
2021-03-02,17.0,3645.0,Yolo
2021-03-03,16.0,3992.0,Yolo
2021-03-04,13.0,3167.0,Yolo
2021-03-05,20.0,3604.0,Yolo
2021-03-06,12.0,1373.0,Yolo
2021-03-07,6.0,1538.0,Yolo
2021-03-08,19.0,4050.0,Yolo
2021-03-09,23.0,3276.0,Yolo
2021-03-10,12.0,3695.0,Yolo
2021-03-11,24.0,3131.0,Yolo
2021-03-12,18.0,3155.0,Yolo
2021-03-13,10.0,1462.0,Yolo
2021-03-14,9.0,1403.0,Yolo
2021-03-15,23.0,3937.0,Yolo
2021-03-16,19.0,3266.0,Yolo
2021-03-17,15.0,3559.0,Yolo
2021-03-18,17.0,3077.0,Yolo
2021-03-19,13.0,3062.0,Yolo
2021-03-20,8.0,1518.0,Yolo
2021-03-21,4.0,1296.0,Yolo
2021-03-22,22.0,3715.0,Yolo
2021-03-23,12.0,2328.0,Yolo
2021-03-24,11.0,2957.0,Yolo
2021-03-25,12.0,2532.0,Yolo
2021-03-26,6.0,2157.0,Yolo
2021-03-27,7.0,1408.0,Yolo
2021-03-28,5.0,1582.0,Yolo
2021-03-29,17.0,3903.0,Yolo
2021-03-30,19.0,3350.0,Yolo
2021-03-31,13.0,3815.0,Yolo
2021-04-01,17.0,2739.0,Yolo
2021-04-02,13.0,2679.0,Yolo
2021-04-03,10.0,1503.0,Yolo
2021-04-04,6.0,1007.0,Yolo
2021-04-05,21.0,3491.0,Yolo
2021-04-06,14.0,2717.0,Yolo
2021-04-07,13.0,3358.0,Yolo
2021-04-08,15.0,2797.0,Yolo
2021-04-09,9.0,2974.0,Yolo
2021-04-10,12.0,1187.0,Yolo
2021-04-11,8.0,1485.0,Yolo
2021-04-12,20.0,3532.0,Yolo
2021-04-13,14.0,2871.0,Yolo
2021-04-14,12.0,3252.0,Yolo
2021-04-15,16.0,2967.0,Yolo
2021-04-16,19.0,2890.0,Yolo
2021-04-17,13.0,1352.0,Yolo
2021-04-18,10.0,1306.0,Yolo
2021-04-19,12.0,4072.0,Yolo
2021-04-20,12.0,3194.0,Yolo
2021-04-21,20.0,3831.0,Yolo
2021-04-22,20.0,2679.0,Yolo
2021-04-23,21.0,2831.0,Yolo
2021-04-24,11.0,1271.0,Yolo
2021-04-25,11.0,1038.0,Yolo
2021-04-26,25.0,4151.0,Yolo
2021-04-27,20.0,3345.0,Yolo
2021-04-28,13.0,3259.0,Yolo
2021-04-29,14.0,3089.0,Yolo
2021-04-30,20.0,2617.0,Yolo
2021-05-01,12.0,1361.0,Yolo
2021-05-02,7.0,1023.0,Yolo
2021-05-03,12.0,4226.0,Yolo
2021-05-04,13.0,3237.0,Yolo
2021-05-05,13.0,3647.0,Yolo
2021-05-06,4.0,3155.0,Yolo
2021-05-07,8.0,2352.0,Yolo
2021-05-08,6.0,1301.0,Yolo
2021-05-09,3.0,1210.0,Yolo
2021-05-10,10.0,3971.0,Yolo
2021-05-11,12.0,3189.0,Yolo
2021-05-12,13.0,3775.0,Yolo
2021-05-13,8.0,3130.0,Yolo
2021-05-14,9.0,2138.0,Yolo
2021-05-15,5.0,1204.0,Yolo
2021-05-16,7.0,1118.0,Yolo
2021-05-17,15.0,4102.0,Yolo
2021-05-18,7.0,3149.0,Yolo
2021-05-19,7.0,4128.0,Yolo
2021-05-20,7.0,3093.0,Yolo
2021-05-21,5.0,2318.0,Yolo
2021-05-22,6.0,1100.0,Yolo
2021-05-23,2.0,747.0,Yolo
2021-05-24,12.0,3608.0,Yolo
2021-05-25,17.0,3032.0,Yolo
2021-05-26,8.0,3184.0,Yolo
2021-05-27,3.0,2892.0,Yolo
2021-05-28,3.0,1713.0,Yolo
2021-05-29,3.0,928.0,Yolo
2021-05-30,1.0,916.0,Yolo
2021-05-31,5.0,581.0,Yolo
2021-06-01,4.0,3533.0,Yolo
2021-06-02,6.0,3867.0,Yolo
2021-06-03,3.0,2692.0,Yolo
2021-06-04,4.0,2153.0,Yolo
2021-06-05,2.0,934.0,Yolo
2021-06-06,2.0,871.0,Yolo
2021-06-07,8.0,2563.0,Yolo
2021-06-08,5.0,2631.0,Yolo
2021-06-09,5.0,3137.0,Yolo
2021-06-10,2.0,2239.0,Yolo
2021-06-11,3.0,1598.0,Yolo
2021-06-12,7.0,849.0,Yolo
2021-06-13,3.0,737.0,Yolo
2021-06-14,9.0,1761.0,Yolo
2021-06-15,8.0,1945.0,Yolo
2021-06-16,4.0,2112.0,Yolo
2021-06-17,9.0,1396.0,Yolo
2021-06-18,8.0,1498.0,Yolo
2021-06-19,3.0,662.0,Yolo
2021-06-20,4.0,564.0,Yolo
2021-06-21,7.0,1626.0,Yolo
2021-06-22,6.0,1365.0,Yolo
2021-06-23,5.0,1335.0,Yolo
2021-06-24,10.0,1016.0,Yolo
2021-06-25,9.0,1231.0,Yolo
2021-06-26,6.0,548.0,Yolo
2021-06-27,8.0,517.0,Yolo
2021-06-28,15.0,1307.0,Yolo
2021-06-29,9.0,1469.0,Yolo
2021-06-30,12.0,1315.0,Yolo
2021-07-01,6.0,1278.0,Yolo
2021-07-02,16.0,1471.0,Yolo
2021-07-03,16.0,641.0,Yolo
2021-07-04,10.0,102.0,Yolo
2021-07-05,21.0,467.0,Yolo
2021-07-06,20.0,2187.0,Yolo
2021-07-07,22.0,1435.0,Yolo
2021-07-08,11.0,1350.0,Yolo
2021-07-09,19.0,1726.0,Yolo
2021-07-10,15.0,629.0,Yolo
2021-07-11,21.0,566.0,Yolo
2021-07-12,25.0,1520.0,Yolo
2021-07-13,28.0,1550.0,Yolo
2021-07-14,28.0,1308.0,Yolo
2021-07-15,33.0,1472.0,Yolo
2021-07-16,27.0,1811.0,Yolo
2021-07-17,26.0,822.0,Yolo
2021-07-18,32.0,727.0,Yolo
2021-07-19,59.0,1910.0,Yolo
2021-07-20,32.0,1758.0,Yolo
2021-07-21,65.0,1845.0,Yolo
2021-07-22,42.0,2027.0,Yolo
2021-07-23,38.0,1984.0,Yolo
2021-07-24,37.0,957.0,Yolo
2021-07-25,38.0,833.0,Yolo
2021-07-26,61.0,2263.0,Yolo
2021-07-27,61.0,2030.0,Yolo
2021-07-28,74.0,2049.0,Yolo
2021-07-29,72.0,2408.0,Yolo
2021-07-30,68.0,2858.0,Yolo
2021-07-31,61.0,1253.0,Yolo
2021-08-01,48.0,1134.0,Yolo
2021-08-02,72.0,3303.0,Yolo
2021-08-03,98.0,3044.0,Yolo
2021-08-04,92.0,3090.0,Yolo
2021-08-05,80.0,2637.0,Yolo
2021-08-06,67.0,2966.0,Yolo
2021-08-07,53.0,1479.0,Yolo
2021-08-08,44.0,1286.0,Yolo
2021-08-09,92.0,2644.0,Yolo
2021-08-10,78.0,2620.0,Yolo
2021-08-11,87.0,2836.0,Yolo
2021-08-12,75.0,2683.0,Yolo
2021-08-13,72.0,2907.0,Yolo
2021-08-14,54.0,1540.0,Yolo
2021-08-15,45.0,1447.0,Yolo
2021-08-16,97.0,3297.0,Yolo
2021-08-17,101.0,3214.0,Yolo
2021-08-18,89.0,2993.0,Yolo
2021-08-19,83.0,2878.0,Yolo
2021-08-20,85.0,3280.0,Yolo
2021-08-21,54.0,1584.0,Yolo
2021-08-22,47.0,1459.0,Yolo
2021-08-23,103.0,4344.0,Yolo
2021-08-24,88.0,3577.0,Yolo
2021-08-25,78.0,3577.0,Yolo
2021-08-26,65.0,3875.0,Yolo
2021-08-27,64.0,4156.0,Yolo
2021-08-28,43.0,1964.0,Yolo
2021-08-29,36.0,1983.0,Yolo
2021-08-30,100.0,5063.0,Yolo
2021-08-31,62.0,4194.0,Yolo
2021-09-01,81.0,4268.0,Yolo
2021-09-02,56.0,4184.0,Yolo
2021-09-03,70.0,4508.0,Yolo
2021-09-04,23.0,1842.0,Yolo
2021-09-05,36.0,1732.0,Yolo
2021-09-06,37.0,1284.0,Yolo
2021-09-07,86.0,5392.0,Yolo
2021-09-08,69.0,4673.0,Yolo
2021-09-09,81.0,4184.0,Yolo
2021-09-10,58.0,4869.0,Yolo
2021-09-11,25.0,1875.0,Yolo
2021-09-12,24.0,1625.0,Yolo
2021-09-13,66.0,4672.0,Yolo
2021-09-14,45.0,4852.0,Yolo
2021-09-15,44.0,4465.0,Yolo
2021-09-16,34.0,4274.0,Yolo
2021-09-17,32.0,5418.0,Yolo
2021-09-18,31.0,1845.0,Yolo
2021-09-19,27.0,2001.0,Yolo
2021-09-20,49.0,5034.0,Yolo
2021-09-21,46.0,5447.0,Yolo
2021-09-22,36.0,4864.0,Yolo
2021-09-23,39.0,4426.0,Yolo
2021-09-24,31.0,5027.0,Yolo
2021-09-25,32.0,1984.0,Yolo
2021-09-26,22.0,1820.0,Yolo
2021-09-27,37.0,5107.0,Yolo
2021-09-28,34.0,4898.0,Yolo
2021-09-29,26.0,4861.0,Yolo
2021-09-30,33.0,4702.0,Yolo
2021-10-01,39.0,5170.0,Yolo
2021-10-02,24.0,1820.0,Yolo
2021-10-03,25.0,2058.0,Yolo
2021-10-04,29.0,5882.0,Yolo
2021-10-05,44.0,5444.0,Yolo
2021-10-06,36.0,4977.0,Yolo
2021-10-07,32.0,4321.0,Yolo
2021-10-08,33.0,5273.0,Yolo
2021-10-09,13.0,1644.0,Yolo
2021-10-10,22.0,1636.0,Yolo
2021-10-11,32.0,4834.0,Yolo
2021-10-12,47.0,4947.0,Yolo
2021-10-13,27.0,5829.0,Yolo
2021-10-14,28.0,5249.0,Yolo
2021-10-15,33.0,5012.0,Yolo
2021-10-16,15.0,1790.0,Yolo
2021-10-17,27.0,1691.0,Yolo
2021-10-18,42.0,5097.0,Yolo
2021-10-19,38.0,5308.0,Yolo
2021-10-20,45.0,5179.0,Yolo
2021-10-21,45.0,4578.0,Yolo
2021-10-22,47.0,5664.0,Yolo
2021-10-23,27.0,1720.0,Yolo
2021-10-24,17.0,1170.0,Yolo
2021-10-25,49.0,5304.0,Yolo
2021-10-26,49.0,4725.0,Yolo
2021-10-27,29.0,5665.0,Yolo
2021-10-28,29.0,4606.0,Yolo
2021-10-29,38.0,5271.0,Yolo
2021-10-30,19.0,1414.0,Yolo
2021-10-31,19.0,1535.0,Yolo
2021-11-01,44.0,5368.0,Yolo
2021-11-02,20.0,5378.0,Yolo
2021-11-03,30.0,5378.0,Yolo
2021-11-04,18.0,4835.0,Yolo
2021-11-05,25.0,5316.0,Yolo
2021-11-06,11.0,1485.0,Yolo
2021-11-07,17.0,1573.0,Yolo
2021-11-08,21.0,5889.0,Yolo
2021-11-09,38.0,4554.0,Yolo
2021-11-10,24.0,6495.0,Yolo
2021-11-11,19.0,500.0,Yolo
2021-11-12,27.0,4869.0,Yolo
2021-11-13,14.0,1526.0,Yolo
2021-11-14,14.0,1641.0,Yolo
2021-11-15,27.0,5594.0,Yolo
2021-11-16,30.0,5039.0,Yolo
2021-11-17,39.0,5302.0,Yolo
2021-11-18,19.0,4563.0,Yolo
2021-11-19,17.0,4634.0,Yolo
2021-11-20,11.0,1499.0,Yolo
2021-11-21,8.0,1509.0,Yolo
2021-11-22,28.0,3912.0,Yolo
2021-11-23,23.0,4692.0,Yolo
2021-11-24,21.0,2225.0,Yolo
2021-11-25,8.0,123.0,Yolo
2021-11-26,30.0,1640.0,Yolo
2021-11-27,19.0,1471.0,Yolo
2021-11-28,21.0,1835.0,Yolo
2021-11-29,43.0,6390.0,Yolo
2021-11-30,45.0,5756.0,Yolo
2021-12-01,42.0,5734.0,Yolo
2021-12-02,28.0,4866.0,Yolo
2021-12-03,24.0,5087.0,Yolo
2021-12-04,17.0,1590.0,Yolo
2021-12-05,23.0,1449.0,Yolo
2021-12-06,42.0,5242.0,Yolo
2021-12-07,24.0,4944.0,Yolo
2021-12-08,26.0,4796.0,Yolo
2021-12-09,26.0,4216.0,Yolo
2021-12-10,23.0,4620.0,Yolo
2021-12-11,14.0,1356.0,Yolo
2021-12-12,19.0,1295.0,Yolo
2021-12-13,50.0,4397.0,Yolo
2021-12-14,49.0,4674.0,Yolo
2021-12-15,34.0,4119.0,Yolo
2021-12-16,28.0,4292.0,Yolo
2021-12-17,51.0,4628.0,Yolo
2021-12-18,33.0,1666.0,Yolo
2021-12-19,40.0,1553.0,Yolo
2021-12-20,81.0,3763.0,Yolo
2021-12-21,93.0,4368.0,Yolo
2021-12-22,109.0,5669.0,Yolo
2021-12-23,76.0,3988.0,Yolo
2021-12-24,72.0,480.0,Yolo
2021-12-25,74.0,230.0,Yolo
2021-12-26,110.0,472.0,Yolo
2021-12-27,286.0,6910.0,Yolo
2021-12-28,293.0,5705.0,Yolo
2021-12-29,337.0,6558.0,Yolo
2021-12-30,239.0,4713.0,Yolo
2021-12-31,139.0,655.0,Yolo
2022-01-01,221.0,300.0,Yolo
2022-01-02,421.0,5232.0,Yolo
2022-01-03,676.0,8530.0,Yolo
2022-01-04,681.0,8528.0,Yolo
2022-01-05,651.0,9203.0,Yolo
2022-01-06,611.0,8175.0,Yolo
2022-01-07,557.0,7486.0,Yolo
2022-01-08,375.0,3546.0,Yolo
2022-01-09,294.0,3590.0,Yolo
2022-01-10,608.0,7729.0,Yolo
2022-01-11,596.0,7767.0,Yolo
2022-01-12,577.0,8421.0,Yolo
2022-01-13,415.0,6941.0,Yolo
2022-01-14,415.0,6860.0,Yolo
2022-01-15,241.0,2589.0,Yolo
2022-01-16,180.0,2520.0,Yolo
2022-01-17,393.0,4409.0,Yolo
2022-01-18,527.0,8464.0,Yolo
2022-01-19,397.0,7276.0,Yolo
2022-01-20,364.0,7397.0,Yolo
2022-01-21,288.0,5838.0,Yolo
2022-01-22,163.0,2421.0,Yolo
2022-01-23,178.0,2775.0,Yolo
2022-01-24,378.0,6317.0,Yolo
2022-01-25,293.0,6866.0,Yolo
2022-01-26,259.0,7398.0,Yolo
2022-01-27,217.0,5934.0,Yolo
2022-01-28,145.0,5837.0,Yolo
2022-01-29,105.0,2668.0,Yolo
2022-01-30,115.0,2770.0,Yolo
2022-01-31,219.0,6047.0,Yolo
2022-02-01,161.0,5821.0,Yolo
2022-02-02,150.0,5823.0,Yolo
2022-02-03,125.0,5340.0,Yolo
2022-02-04,109.0,5047.0,Yolo
2022-02-05,94.0,1729.0,Yolo
2022-02-06,85.0,2151.0,Yolo
2022-02-07,139.0,4940.0,Yolo
2022-02-08,111.0,5232.0,Yolo
2022-02-09,82.0,5486.0,Yolo
2022-02-10,70.0,4801.0,Yolo
2022-02-11,77.0,4703.0,Yolo
2022-02-12,33.0,1674.0,Yolo
2022-02-13,41.0,1754.0,Yolo
2022-02-14,67.0,3155.0,Yolo
2022-02-15,59.0,4708.0,Yolo
2022-02-16,52.0,5147.0,Yolo
2022-02-17,51.0,4089.0,Yolo
2022-02-18,38.0,3849.0,Yolo
2022-02-19,28.0,1402.0,Yolo
2022-02-20,31.0,1181.0,Yolo
2022-02-21,26.0,584.0,Yolo
2022-02-22,43.0,5608.0,Yolo
2022-02-23,37.0,5119.0,Yolo
2022-02-24,37.0,4515.0,Yolo
2022-02-25,26.0,4083.0,Yolo
2022-02-26,15.0,1425.0,Yolo
2022-02-27,21.0,1629.0,Yolo
2022-02-28,28.0,3862.0,Yolo
2022-03-01,36.0,4050.0,Yolo
2022-03-02,25.0,4432.0,Yolo
2022-03-03,18.0,3834.0,Yolo
2022-03-04,24.0,3664.0,Yolo
2022-03-05,17.0,1124.0,Yolo
2022-03-06,14.0,1298.0,Yolo
2022-03-07,26.0,3742.0,Yolo
2022-03-08,23.0,4138.0,Yolo
2022-03-09,26.0,4218.0,Yolo
2022-03-10,19.0,3575.0,Yolo
2022-03-11,13.0,3405.0,Yolo
2022-03-12,11.0,1215.0,Yolo
2022-03-13,7.0,1326.0,Yolo
2022-03-14,19.0,3728.0,Yolo
2022-03-15,16.0,4328.0,Yolo
2022-03-16,16.0,4223.0,Yolo
2022-03-17,23.0,4046.0,Yolo
2022-03-18,14.0,3504.0,Yolo
2022-03-19,11.0,1202.0,Yolo
2022-03-20,9.0,1238.0,Yolo
2022-03-21,19.0,2834.0,Yolo
2022-03-22,16.0,3134.0,Yolo
2022-03-23,20.0,3812.0,Yolo
2022-03-24,20.0,2343.0,Yolo
2022-03-25,6.0,621.0,Yolo
2022-03-26,12.0,3187.0,Yolo
2022-03-27,9.0,2876.0,Yolo
2022-03-28,21.0,4482.0,Yolo
2022-03-29,18.0,5362.0,Yolo
2022-03-30,13.0,5049.0,Yolo
2022-03-31,10.0,4353.0,Yolo
2022-04-01,16.0,4944.0,Yolo
2022-04-02,14.0,1208.0,Yolo
2022-04-03,12.0,1428.0,Yolo
2022-04-04,21.0,3845.0,Yolo
2022-04-05,14.0,3094.0,Yolo
2022-04-06,15.0,2766.0,Yolo
2022-04-07,25.0,3059.0,Yolo
2022-04-08,19.0,3389.0,Yolo
2022-04-09,9.0,1055.0,Yolo
2022-04-10,18.0,1348.0,Yolo
2022-04-11,31.0,3317.0,Yolo
2022-04-12,37.0,3629.0,Yolo
2022-04-13,55.0,3270.0,Yolo
2022-04-14,51.0,3048.0,Yolo
2022-04-15,41.0,3346.0,Yolo
2022-04-16,20.0,898.0,Yolo
2022-04-17,9.0,150.0,Yolo
2022-04-18,53.0,3549.0,Yolo
2022-04-19,57.0,3845.0,Yolo
2022-04-20,45.0,3394.0,Yolo
2022-04-21,49.0,3195.0,Yolo
2022-04-22,29.0,3652.0,Yolo
2022-04-23,21.0,774.0,Yolo
2022-04-24,28.0,1140.0,Yolo
2022-04-25,40.0,3344.0,Yolo
2022-04-26,64.0,3660.0,Yolo
2022-04-27,58.0,3635.0,Yolo
2022-04-28,49.0,3133.0,Yolo
2022-04-29,38.0,3347.0,Yolo
2022-04-30,33.0,1010.0,Yolo
2022-05-01,47.0,845.0,Yolo
2022-05-02,65.0,3141.0,Yolo
2022-05-03,79.0,3900.0,Yolo
2022-05-04,70.0,3253.0,Yolo
2022-05-05,75.0,3446.0,Yolo
2022-05-06,71.0,3890.0,Yolo
2022-05-07,47.0,1098.0,Yolo
2022-05-08,45.0,945.0,Yolo
2022-05-09,106.0,3109.0,Yolo
2022-05-10,109.0,4564.0,Yolo
2022-05-11,103.0,3746.0,Yolo
2022-05-12,115.0,3923.0,Yolo
2022-05-13,113.0,4087.0,Yolo
2022-05-14,62.0,1231.0,Yolo
2022-05-15,70.0,949.0,Yolo
2022-05-16,115.0,3645.0,Yolo
2022-05-17,135.0,4639.0,Yolo
2022-05-18,138.0,4343.0,Yolo
2022-05-19,112.0,3957.0,Yolo
2022-05-20,91.0,3827.0,Yolo
2022-05-21,70.0,1307.0,Yolo
2022-05-22,65.0,1003.0,Yolo
2022-05-23,127.0,3588.0,Yolo
2022-05-24,133.0,4160.0,Yolo
2022-05-25,104.0,3797.0,Yolo
2022-05-26,95.0,3682.0,Yolo
2022-05-27,105.0,3634.0,Yolo
2022-05-28,71.0,1247.0,Yolo
2022-05-29,54.0,707.0,Yolo
2022-05-30,50.0,392.0,Yolo
2022-05-31,191.0,5318.0,Yolo
2022-06-01,174.0,3726.0,Yolo
2022-06-02,84.0,3761.0,Yolo
2022-06-03,109.0,3506.0,Yolo
2022-06-04,63.0,1253.0,Yolo
2022-06-05,78.0,955.0,Yolo
2022-06-06,132.0,2900.0,Yolo
2022-06-07,158.0,3683.0,Yolo
2022-06-08,117.0,2686.0,Yolo
2022-06-09,105.0,2556.0,Yolo
2022-06-10,112.0,1912.0,Yolo
2022-06-11,90.0,930.0,Yolo
2022-06-12,64.0,582.0,Yolo
2022-06-13,121.0,1865.0,Yolo
2022-06-14,138.0,2469.0,Yolo
2022-06-15,108.0,1870.0,Yolo
2022-06-16,105.0,2175.0,Yolo
2022-06-17,91.0,1848.0,Yolo
2022-06-18,83.0,950.0,Yolo
2022-06-19,69.0,573.0,Yolo
2022-06-20,89.0,644.0,Yolo
2022-06-21,161.0,2861.0,Yolo
2022-06-22,132.0,1898.0,Yolo
2022-06-23,122.0,1902.0,Yolo
2022-06-24,104.0,1620.0,Yolo
2022-06-25,94.0,885.0,Yolo
2022-06-26,64.0,562.0,Yolo
2022-06-27,115.0,1462.0,Yolo
2022-06-28,126.0,1742.0,Yolo
2022-06-29,113.0,1751.0,Yolo
2022-06-30,102.0,2338.0,Yolo
2022-07-01,71.0,571.0,Yolo
2022-07-02,35.0,248.0,Yolo
2022-07-03,45.0,228.0,Yolo
2022-07-04,43.0,285.0,Yolo
2022-07-05,93.0,1349.0,Yolo
2022-07-06,86.0,925.0,Yolo
2022-07-07,83.0,959.0,Yolo
2022-07-08,58.0,596.0,Yolo
2022-07-09,52.0,276.0,Yolo
2022-07-10,49.0,346.0,Yolo
2022-07-11,79.0,933.0,Yolo
2022-07-12,66.0,839.0,Yolo
2022-07-13,68.0,722.0,Yolo
2022-07-14,62.0,948.0,Yolo
2022-07-15,65.0,587.0,Yolo
2022-07-16,46.0,232.0,Yolo
2022-07-17,44.0,339.0,Yolo
2022-07-18,77.0,948.0,Yolo
2022-07-19,68.0,868.0,Yolo
2022-07-20,61.0,684.0,Yolo
2022-07-21,56.0,941.0,Yolo
2022-07-22,63.0,529.0,Yolo
2022-07-23,53.0,241.0,Yolo
2022-07-24,35.0,310.0,Yolo
2022-07-25,72.0,791.0,Yolo
2022-07-26,61.0,983.0,Yolo
2022-07-27,48.0,591.0,Yolo
2022-07-28,43.0,758.0,Yolo
2022-07-29,40.0,394.0,Yolo
2022-07-30,34.0,221.0,Yolo
2022-07-31,27.0,314.0,Yolo
2022-08-01,60.0,819.0,Yolo
2022-08-02,50.0,870.0,Yolo
2022-08-03,35.0,500.0,Yolo
2022-08-04,40.0,590.0,Yolo
2022-08-05,29.0,377.0,Yolo
2022-08-06,7.0,141.0,Yolo
2022-08-07,4.0,46.0,Yolo
2022-08-08,0.0,0.0,Yolo
2020-02-01,0.0,0.0,Merced
2020-02-02,0.0,0.0,Merced
2020-02-03,0.0,0.0,Merced
2020-02-04,0.0,0.0,Merced
2020-02-05,0.0,0.0,Merced
2020-02-06,0.0,0.0,Merced
2020-02-07,0.0,0.0,Merced
2020-02-08,0.0,0.0,Merced
2020-02-09,0.0,0.0,Merced
2020-02-10,0.0,1.0,Merced
2020-02-11,0.0,0.0,Merced
2020-02-12,0.0,0.0,Merced
2020-02-13,0.0,0.0,Merced
2020-02-14,0.0,0.0,Merced
2020-02-15,0.0,0.0,Merced
2020-02-16,0.0,0.0,Merced
2020-02-17,0.0,0.0,Merced
2020-02-18,0.0,0.0,Merced
2020-02-19,0.0,0.0,Merced
2020-02-20,0.0,0.0,Merced
2020-02-21,0.0,0.0,Merced
2020-02-22,0.0,0.0,Merced
2020-02-23,0.0,0.0,Merced
2020-02-24,0.0,0.0,Merced
2020-02-25,0.0,0.0,Merced
2020-02-26,1.0,0.0,Merced
2020-02-27,0.0,0.0,Merced
2020-02-28,0.0,0.0,Merced
2020-02-29,0.0,0.0,Merced
2020-03-01,0.0,0.0,Merced
2020-03-02,0.0,0.0,Merced
2020-03-03,1.0,2.0,Merced
2020-03-04,0.0,0.0,Merced
2020-03-05,0.0,2.0,Merced
2020-03-06,0.0,0.0,Merced
2020-03-07,0.0,1.0,Merced
2020-03-08,0.0,1.0,Merced
2020-03-09,0.0,6.0,Merced
2020-03-10,0.0,8.0,Merced
2020-03-11,0.0,12.0,Merced
2020-03-12,0.0,16.0,Merced
2020-03-13,0.0,25.0,Merced
2020-03-14,1.0,12.0,Merced
2020-03-15,0.0,10.0,Merced
2020-03-16,2.0,38.0,Merced
2020-03-17,0.0,40.0,Merced
2020-03-18,0.0,24.0,Merced
2020-03-19,0.0,27.0,Merced
2020-03-20,1.0,33.0,Merced
2020-03-21,0.0,9.0,Merced
2020-03-22,1.0,17.0,Merced
2020-03-23,4.0,35.0,Merced
2020-03-24,6.0,37.0,Merced
2020-03-25,2.0,55.0,Merced
2020-03-26,4.0,47.0,Merced
2020-03-27,3.0,64.0,Merced
2020-03-28,1.0,33.0,Merced
2020-03-29,1.0,20.0,Merced
2020-03-30,1.0,65.0,Merced
2020-03-31,4.0,73.0,Merced
2020-04-01,5.0,79.0,Merced
2020-04-02,3.0,51.0,Merced
2020-04-03,5.0,89.0,Merced
2020-04-04,3.0,22.0,Merced
2020-04-05,4.0,20.0,Merced
2020-04-06,7.0,62.0,Merced
2020-04-07,7.0,95.0,Merced
2020-04-08,15.0,135.0,Merced
2020-04-09,15.0,92.0,Merced
2020-04-10,3.0,74.0,Merced
2020-04-11,3.0,32.0,Merced
2020-04-12,3.0,20.0,Merced
2020-04-13,6.0,84.0,Merced
2020-04-14,1.0,42.0,Merced
2020-04-15,7.0,57.0,Merced
2020-04-16,2.0,41.0,Merced
2020-04-17,6.0,79.0,Merced
2020-04-18,1.0,25.0,Merced
2020-04-19,2.0,22.0,Merced
2020-04-20,5.0,43.0,Merced
2020-04-21,7.0,79.0,Merced
2020-04-22,4.0,57.0,Merced
2020-04-23,12.0,112.0,Merced
2020-04-24,4.0,69.0,Merced
2020-04-25,3.0,33.0,Merced
2020-04-26,0.0,20.0,Merced
2020-04-27,17.0,88.0,Merced
2020-04-28,3.0,99.0,Merced
2020-04-29,7.0,85.0,Merced
2020-04-30,7.0,143.0,Merced
2020-05-01,7.0,268.0,Merced
2020-05-02,3.0,42.0,Merced
2020-05-03,3.0,40.0,Merced
2020-05-04,8.0,308.0,Merced
2020-05-05,0.0,219.0,Merced
2020-05-06,5.0,283.0,Merced
2020-05-07,7.0,280.0,Merced
2020-05-08,8.0,270.0,Merced
2020-05-09,1.0,47.0,Merced
2020-05-10,4.0,40.0,Merced
2020-05-11,15.0,231.0,Merced
2020-05-12,15.0,262.0,Merced
2020-05-13,11.0,180.0,Merced
2020-05-14,3.0,125.0,Merced
2020-05-15,11.0,204.0,Merced
2020-05-16,3.0,35.0,Merced
2020-05-17,2.0,29.0,Merced
2020-05-18,11.0,253.0,Merced
2020-05-19,9.0,217.0,Merced
2020-05-20,8.0,212.0,Merced
2020-05-21,7.0,187.0,Merced
2020-05-22,11.0,282.0,Merced
2020-05-23,0.0,58.0,Merced
2020-05-24,3.0,32.0,Merced
2020-05-25,1.0,32.0,Merced
2020-05-26,7.0,335.0,Merced
2020-05-27,15.0,270.0,Merced
2020-05-28,4.0,181.0,Merced
2020-05-29,9.0,318.0,Merced
2020-05-30,5.0,178.0,Merced
2020-05-31,1.0,75.0,Merced
2020-06-01,27.0,388.0,Merced
2020-06-02,19.0,351.0,Merced
2020-06-03,16.0,287.0,Merced
2020-06-04,14.0,243.0,Merced
2020-06-05,20.0,391.0,Merced
2020-06-06,2.0,68.0,Merced
2020-06-07,1.0,64.0,Merced
2020-06-08,33.0,451.0,Merced
2020-06-09,34.0,343.0,Merced
2020-06-10,29.0,327.0,Merced
2020-06-11,33.0,289.0,Merced
2020-06-12,40.0,382.0,Merced
2020-06-13,34.0,114.0,Merced
2020-06-14,18.0,154.0,Merced
2020-06-15,51.0,469.0,Merced
2020-06-16,46.0,392.0,Merced
2020-06-17,48.0,517.0,Merced
2020-06-18,72.0,425.0,Merced
2020-06-19,52.0,449.0,Merced
2020-06-20,45.0,112.0,Merced
2020-06-21,40.0,90.0,Merced
2020-06-22,95.0,639.0,Merced
2020-06-23,89.0,672.0,Merced
2020-06-24,98.0,708.0,Merced
2020-06-25,86.0,594.0,Merced
2020-06-26,87.0,709.0,Merced
2020-06-27,46.0,198.0,Merced
2020-06-28,58.0,128.0,Merced
2020-06-29,113.0,665.0,Merced
2020-06-30,106.0,599.0,Merced
2020-07-01,137.0,642.0,Merced
2020-07-02,98.0,756.0,Merced
2020-07-03,97.0,533.0,Merced
2020-07-04,66.0,135.0,Merced
2020-07-05,102.0,149.0,Merced
2020-07-06,145.0,885.0,Merced
2020-07-07,151.0,906.0,Merced
2020-07-08,174.0,907.0,Merced
2020-07-09,120.0,700.0,Merced
2020-07-10,133.0,807.0,Merced
2020-07-11,79.0,260.0,Merced
2020-07-12,81.0,165.0,Merced
2020-07-13,130.0,1001.0,Merced
2020-07-14,149.0,847.0,Merced
2020-07-15,179.0,1013.0,Merced
2020-07-16,150.0,938.0,Merced
2020-07-17,162.0,758.0,Merced
2020-07-18,76.0,269.0,Merced
2020-07-19,119.0,385.0,Merced
2020-07-20,207.0,996.0,Merced
2020-07-21,170.0,881.0,Merced
2020-07-22,179.0,867.0,Merced
2020-07-23,126.0,778.0,Merced
2020-07-24,157.0,841.0,Merced
2020-07-25,85.0,318.0,Merced
2020-07-26,79.0,231.0,Merced
2020-07-27,180.0,1194.0,Merced
2020-07-28,140.0,914.0,Merced
2020-07-29,145.0,1001.0,Merced
2020-07-30,140.0,883.0,Merced
2020-07-31,165.0,1040.0,Merced
2020-08-01,83.0,278.0,Merced
2020-08-02,48.0,172.0,Merced
2020-08-03,142.0,1110.0,Merced
2020-08-04,122.0,791.0,Merced
2020-08-05,114.0,959.0,Merced
2020-08-06,135.0,904.0,Merced
2020-08-07,102.0,936.0,Merced
2020-08-08,43.0,201.0,Merced
2020-08-09,40.0,143.0,Merced
2020-08-10,97.0,825.0,Merced
2020-08-11,81.0,801.0,Merced
2020-08-12,95.0,1003.0,Merced
2020-08-13,62.0,942.0,Merced
2020-08-14,117.0,858.0,Merced
2020-08-15,30.0,181.0,Merced
2020-08-16,34.0,145.0,Merced
2020-08-17,82.0,1146.0,Merced
2020-08-18,95.0,877.0,Merced
2020-08-19,48.0,902.0,Merced
2020-08-20,127.0,973.0,Merced
2020-08-21,75.0,1020.0,Merced
2020-08-22,29.0,181.0,Merced
2020-08-23,28.0,149.0,Merced
2020-08-24,69.0,1377.0,Merced
2020-08-25,78.0,906.0,Merced
2020-08-26,67.0,937.0,Merced
2020-08-27,33.0,858.0,Merced
2020-08-28,44.0,937.0,Merced
2020-08-29,30.0,368.0,Merced
2020-08-30,30.0,194.0,Merced
2020-08-31,75.0,1634.0,Merced
2020-09-01,62.0,968.0,Merced
2020-09-02,53.0,2152.0,Merced
2020-09-03,31.0,1236.0,Merced
2020-09-04,42.0,954.0,Merced
2020-09-05,20.0,1358.0,Merced
2020-09-06,32.0,206.0,Merced
2020-09-07,20.0,128.0,Merced
2020-09-08,47.0,1375.0,Merced
2020-09-09,23.0,951.0,Merced
2020-09-10,26.0,649.0,Merced
2020-09-11,46.0,1014.0,Merced
2020-09-12,21.0,184.0,Merced
2020-09-13,9.0,100.0,Merced
2020-09-14,34.0,1036.0,Merced
2020-09-15,19.0,783.0,Merced
2020-09-16,30.0,821.0,Merced
2020-09-17,21.0,837.0,Merced
2020-09-18,19.0,977.0,Merced
2020-09-19,12.0,242.0,Merced
2020-09-20,11.0,135.0,Merced
2020-09-21,27.0,1084.0,Merced
2020-09-22,19.0,712.0,Merced
2020-09-23,30.0,803.0,Merced
2020-09-24,21.0,968.0,Merced
2020-09-25,29.0,869.0,Merced
2020-09-26,16.0,204.0,Merced
2020-09-27,12.0,135.0,Merced
2020-09-28,34.0,947.0,Merced
2020-09-29,28.0,858.0,Merced
2020-09-30,13.0,635.0,Merced
2020-10-01,20.0,626.0,Merced
2020-10-02,28.0,682.0,Merced
2020-10-03,10.0,181.0,Merced
2020-10-04,13.0,132.0,Merced
2020-10-05,25.0,838.0,Merced
2020-10-06,19.0,985.0,Merced
2020-10-07,36.0,746.0,Merced
2020-10-08,37.0,877.0,Merced
2020-10-09,20.0,885.0,Merced
2020-10-10,14.0,163.0,Merced
2020-10-11,6.0,155.0,Merced
2020-10-12,18.0,817.0,Merced
2020-10-13,21.0,917.0,Merced
2020-10-14,17.0,714.0,Merced
2020-10-15,25.0,714.0,Merced
2020-10-16,27.0,599.0,Merced
2020-10-17,17.0,159.0,Merced
2020-10-18,14.0,181.0,Merced
2020-10-19,35.0,888.0,Merced
2020-10-20,25.0,922.0,Merced
2020-10-21,22.0,876.0,Merced
2020-10-22,24.0,891.0,Merced
2020-10-23,28.0,892.0,Merced
2020-10-24,14.0,168.0,Merced
2020-10-25,24.0,136.0,Merced
2020-10-26,65.0,1052.0,Merced
2020-10-27,47.0,994.0,Merced
2020-10-28,41.0,941.0,Merced
2020-10-29,26.0,903.0,Merced
2020-10-30,52.0,832.0,Merced
2020-10-31,32.0,189.0,Merced
2020-11-01,33.0,232.0,Merced
2020-11-02,61.0,945.0,Merced
2020-11-03,62.0,1207.0,Merced
2020-11-04,53.0,834.0,Merced
2020-11-05,49.0,1084.0,Merced
2020-11-06,59.0,778.0,Merced
2020-11-07,40.0,230.0,Merced
2020-11-08,32.0,224.0,Merced
2020-11-09,75.0,1367.0,Merced
2020-11-10,103.0,1186.0,Merced
2020-11-11,62.0,777.0,Merced
2020-11-12,71.0,1360.0,Merced
2020-11-13,114.0,963.0,Merced
2020-11-14,56.0,317.0,Merced
2020-11-15,56.0,313.0,Merced
2020-11-16,133.0,1770.0,Merced
2020-11-17,138.0,1416.0,Merced
2020-11-18,144.0,1670.0,Merced
2020-11-19,116.0,1396.0,Merced
2020-11-20,141.0,1286.0,Merced
2020-11-21,86.0,357.0,Merced
2020-11-22,61.0,343.0,Merced
2020-11-23,149.0,1806.0,Merced
2020-11-24,188.0,1986.0,Merced
2020-11-25,188.0,1372.0,Merced
2020-11-26,58.0,110.0,Merced
2020-11-27,147.0,1158.0,Merced
2020-11-28,106.0,499.0,Merced
2020-11-29,98.0,487.0,Merced
2020-11-30,239.0,2646.0,Merced
2020-12-01,275.0,2235.0,Merced
2020-12-02,243.0,2259.0,Merced
2020-12-03,244.0,2335.0,Merced
2020-12-04,245.0,1877.0,Merced
2020-12-05,115.0,484.0,Merced
2020-12-06,107.0,526.0,Merced
2020-12-07,335.0,3381.0,Merced
2020-12-08,359.0,2813.0,Merced
2020-12-09,311.0,1965.0,Merced
2020-12-10,241.0,2842.0,Merced
2020-12-11,246.0,2361.0,Merced
2020-12-12,120.0,569.0,Merced
2020-12-13,91.0,536.0,Merced
2020-12-14,351.0,3212.0,Merced
2020-12-15,407.0,2765.0,Merced
2020-12-16,298.0,2062.0,Merced
2020-12-17,286.0,3033.0,Merced
2020-12-18,262.0,2281.0,Merced
2020-12-19,81.0,477.0,Merced
2020-12-20,139.0,787.0,Merced
2020-12-21,316.0,3307.0,Merced
2020-12-22,250.0,2119.0,Merced
2020-12-23,246.0,2161.0,Merced
2020-12-24,156.0,1258.0,Merced
2020-12-25,70.0,99.0,Merced
2020-12-26,161.0,528.0,Merced
2020-12-27,159.0,619.0,Merced
2020-12-28,368.0,2976.0,Merced
2020-12-29,320.0,2197.0,Merced
2020-12-30,350.0,2677.0,Merced
2020-12-31,290.0,1649.0,Merced
2021-01-01,90.0,142.0,Merced
2021-01-02,184.0,672.0,Merced
2021-01-03,142.0,826.0,Merced
2021-01-04,467.0,3502.0,Merced
2021-01-05,414.0,2831.0,Merced
2021-01-06,351.0,2075.0,Merced
2021-01-07,336.0,2805.0,Merced
2021-01-08,321.0,2283.0,Merced
2021-01-09,195.0,594.0,Merced
2021-01-10,142.0,605.0,Merced
2021-01-11,272.0,3201.0,Merced
2021-01-12,323.0,2763.0,Merced
2021-01-13,251.0,1897.0,Merced
2021-01-14,238.0,2517.0,Merced
2021-01-15,227.0,2002.0,Merced
2021-01-16,113.0,553.0,Merced
2021-01-17,88.0,442.0,Merced
2021-01-18,212.0,2669.0,Merced
2021-01-19,245.0,2736.0,Merced
2021-01-20,212.0,1803.0,Merced
2021-01-21,173.0,2648.0,Merced
2021-01-22,155.0,1953.0,Merced
2021-01-23,123.0,585.0,Merced
2021-01-24,92.0,506.0,Merced
2021-01-25,211.0,3157.0,Merced
2021-01-26,139.0,2371.0,Merced
2021-01-27,140.0,1322.0,Merced
2021-01-28,159.0,2415.0,Merced
2021-01-29,122.0,1736.0,Merced
2021-01-30,74.0,442.0,Merced
2021-01-31,74.0,408.0,Merced
2021-02-01,144.0,2837.0,Merced
2021-02-02,124.0,2321.0,Merced
2021-02-03,97.0,1265.0,Merced
2021-02-04,115.0,2321.0,Merced
2021-02-05,94.0,1672.0,Merced
2021-02-06,60.0,347.0,Merced
2021-02-07,86.0,464.0,Merced
2021-02-08,112.0,2965.0,Merced
2021-02-09,83.0,2279.0,Merced
2021-02-10,98.0,1568.0,Merced
2021-02-11,83.0,2680.0,Merced
2021-02-12,66.0,1792.0,Merced
2021-02-13,51.0,330.0,Merced
2021-02-14,44.0,234.0,Merced
2021-02-15,82.0,1299.0,Merced
2021-02-16,74.0,2226.0,Merced
2021-02-17,81.0,1426.0,Merced
2021-02-18,55.0,2189.0,Merced
2021-02-19,49.0,1123.0,Merced
2021-02-20,30.0,286.0,Merced
2021-02-21,43.0,303.0,Merced
2021-02-22,74.0,2717.0,Merced
2021-02-23,63.0,1626.0,Merced
2021-02-24,80.0,1078.0,Merced
2021-02-25,38.0,2093.0,Merced
2021-02-26,49.0,1426.0,Merced
2021-02-27,34.0,354.0,Merced
2021-02-28,42.0,547.0,Merced
2021-03-01,63.0,1997.0,Merced
2021-03-02,45.0,998.0,Merced
2021-03-03,57.0,976.0,Merced
2021-03-04,52.0,1134.0,Merced
2021-03-05,51.0,907.0,Merced
2021-03-06,33.0,248.0,Merced
2021-03-07,42.0,320.0,Merced
2021-03-08,74.0,2103.0,Merced
2021-03-09,60.0,1617.0,Merced
2021-03-10,60.0,1479.0,Merced
2021-03-11,38.0,1609.0,Merced
2021-03-12,48.0,1192.0,Merced
2021-03-13,31.0,329.0,Merced
2021-03-14,31.0,213.0,Merced
2021-03-15,68.0,2344.0,Merced
2021-03-16,38.0,1007.0,Merced
2021-03-17,53.0,1239.0,Merced
2021-03-18,28.0,1107.0,Merced
2021-03-19,35.0,1185.0,Merced
2021-03-20,27.0,451.0,Merced
2021-03-21,31.0,271.0,Merced
2021-03-22,60.0,2510.0,Merced
2021-03-23,43.0,1464.0,Merced
2021-03-24,33.0,1331.0,Merced
2021-03-25,41.0,1113.0,Merced
2021-03-26,34.0,1086.0,Merced
2021-03-27,23.0,363.0,Merced
2021-03-28,33.0,231.0,Merced
2021-03-29,57.0,2278.0,Merced
2021-03-30,24.0,1129.0,Merced
2021-03-31,37.0,978.0,Merced
2021-04-01,29.0,970.0,Merced
2021-04-02,33.0,741.0,Merced
2021-04-03,25.0,376.0,Merced
2021-04-04,15.0,252.0,Merced
2021-04-05,43.0,2161.0,Merced
2021-04-06,26.0,1187.0,Merced
2021-04-07,29.0,1027.0,Merced
2021-04-08,23.0,879.0,Merced
2021-04-09,22.0,888.0,Merced
2021-04-10,29.0,278.0,Merced
2021-04-11,20.0,266.0,Merced
2021-04-12,38.0,2193.0,Merced
2021-04-13,31.0,1091.0,Merced
2021-04-14,30.0,863.0,Merced
2021-04-15,16.0,948.0,Merced
2021-04-16,26.0,957.0,Merced
2021-04-17,15.0,318.0,Merced
2021-04-18,16.0,234.0,Merced
2021-04-19,37.0,1878.0,Merced
2021-04-20,29.0,1128.0,Merced
2021-04-21,27.0,1108.0,Merced
2021-04-22,20.0,1379.0,Merced
2021-04-23,35.0,1403.0,Merced
2021-04-24,17.0,224.0,Merced
2021-04-25,20.0,227.0,Merced
2021-04-26,34.0,1956.0,Merced
2021-04-27,17.0,1203.0,Merced
2021-04-28,41.0,1178.0,Merced
2021-04-29,18.0,1321.0,Merced
2021-04-30,19.0,1461.0,Merced
2021-05-01,13.0,270.0,Merced
2021-05-02,17.0,229.0,Merced
2021-05-03,20.0,1827.0,Merced
2021-05-04,11.0,1032.0,Merced
2021-05-05,17.0,967.0,Merced
2021-05-06,21.0,1223.0,Merced
2021-05-07,15.0,1460.0,Merced
2021-05-08,3.0,229.0,Merced
2021-05-09,9.0,185.0,Merced
2021-05-10,23.0,1746.0,Merced
2021-05-11,10.0,900.0,Merced
2021-05-12,9.0,1070.0,Merced
2021-05-13,16.0,1210.0,Merced
2021-05-14,7.0,1244.0,Merced
2021-05-15,10.0,193.0,Merced
2021-05-16,21.0,241.0,Merced
2021-05-17,21.0,1635.0,Merced
2021-05-18,15.0,906.0,Merced
2021-05-19,19.0,915.0,Merced
2021-05-20,16.0,1083.0,Merced
2021-05-21,13.0,1219.0,Merced
2021-05-22,8.0,434.0,Merced
2021-05-23,10.0,208.0,Merced
2021-05-24,9.0,1383.0,Merced
2021-05-25,10.0,801.0,Merced
2021-05-26,21.0,812.0,Merced
2021-05-27,9.0,970.0,Merced
2021-05-28,12.0,798.0,Merced
2021-05-29,3.0,194.0,Merced
2021-05-30,12.0,197.0,Merced
2021-05-31,4.0,198.0,Merced
2021-06-01,5.0,1288.0,Merced
2021-06-02,10.0,890.0,Merced
2021-06-03,13.0,796.0,Merced
2021-06-04,3.0,792.0,Merced
2021-06-05,5.0,268.0,Merced
2021-06-06,2.0,224.0,Merced
2021-06-07,6.0,1020.0,Merced
2021-06-08,12.0,674.0,Merced
2021-06-09,8.0,528.0,Merced
2021-06-10,4.0,587.0,Merced
2021-06-11,8.0,593.0,Merced
2021-06-12,5.0,230.0,Merced
2021-06-13,3.0,211.0,Merced
2021-06-14,6.0,1049.0,Merced
2021-06-15,9.0,733.0,Merced
2021-06-16,6.0,582.0,Merced
2021-06-17,8.0,621.0,Merced
2021-06-18,5.0,703.0,Merced
2021-06-19,2.0,224.0,Merced
2021-06-20,2.0,189.0,Merced
2021-06-21,13.0,836.0,Merced
2021-06-22,10.0,783.0,Merced
2021-06-23,11.0,524.0,Merced
2021-06-24,9.0,522.0,Merced
2021-06-25,10.0,495.0,Merced
2021-06-26,8.0,220.0,Merced
2021-06-27,6.0,195.0,Merced
2021-06-28,12.0,781.0,Merced
2021-06-29,12.0,815.0,Merced
2021-06-30,12.0,550.0,Merced
2021-07-01,10.0,498.0,Merced
2021-07-02,6.0,510.0,Merced
2021-07-03,9.0,223.0,Merced
2021-07-04,13.0,139.0,Merced
2021-07-05,11.0,335.0,Merced
2021-07-06,20.0,1006.0,Merced
2021-07-07,17.0,552.0,Merced
2021-07-08,15.0,536.0,Merced
2021-07-09,14.0,568.0,Merced
2021-07-10,15.0,240.0,Merced
2021-07-11,13.0,177.0,Merced
2021-07-12,24.0,758.0,Merced
2021-07-13,31.0,838.0,Merced
2021-07-14,21.0,550.0,Merced
2021-07-15,37.0,612.0,Merced
2021-07-16,30.0,648.0,Merced
2021-07-17,22.0,241.0,Merced
2021-07-18,21.0,286.0,Merced
2021-07-19,31.0,981.0,Merced
2021-07-20,64.0,907.0,Merced
2021-07-21,39.0,591.0,Merced
2021-07-22,39.0,729.0,Merced
2021-07-23,42.0,706.0,Merced
2021-07-24,25.0,282.0,Merced
2021-07-25,22.0,252.0,Merced
2021-07-26,73.0,1189.0,Merced
2021-07-27,91.0,1083.0,Merced
2021-07-28,67.0,686.0,Merced
2021-07-29,56.0,824.0,Merced
2021-07-30,55.0,729.0,Merced
2021-07-31,41.0,344.0,Merced
2021-08-01,48.0,368.0,Merced
2021-08-02,91.0,1181.0,Merced
2021-08-03,98.0,1187.0,Merced
2021-08-04,83.0,872.0,Merced
2021-08-05,138.0,1091.0,Merced
2021-08-06,67.0,859.0,Merced
2021-08-07,60.0,378.0,Merced
2021-08-08,64.0,380.0,Merced
2021-08-09,147.0,1424.0,Merced
2021-08-10,146.0,1489.0,Merced
2021-08-11,147.0,1038.0,Merced
2021-08-12,133.0,1259.0,Merced
2021-08-13,124.0,1133.0,Merced
2021-08-14,47.0,392.0,Merced
2021-08-15,64.0,374.0,Merced
2021-08-16,244.0,2162.0,Merced
2021-08-17,201.0,1786.0,Merced
2021-08-18,150.0,1648.0,Merced
2021-08-19,164.0,1961.0,Merced
2021-08-20,135.0,2016.0,Merced
2021-08-21,64.0,817.0,Merced
2021-08-22,105.0,703.0,Merced
2021-08-23,203.0,2697.0,Merced
2021-08-24,182.0,2403.0,Merced
2021-08-25,168.0,2282.0,Merced
2021-08-26,132.0,2459.0,Merced
2021-08-27,167.0,2592.0,Merced
2021-08-28,54.0,888.0,Merced
2021-08-29,52.0,444.0,Merced
2021-08-30,239.0,3165.0,Merced
2021-08-31,128.0,2247.0,Merced
2021-09-01,170.0,2418.0,Merced
2021-09-02,177.0,2122.0,Merced
2021-09-03,163.0,2079.0,Merced
2021-09-04,54.0,370.0,Merced
2021-09-05,44.0,353.0,Merced
2021-09-06,75.0,441.0,Merced
2021-09-07,214.0,3296.0,Merced
2021-09-08,174.0,2135.0,Merced
2021-09-09,161.0,1989.0,Merced
2021-09-10,154.0,1985.0,Merced
2021-09-11,52.0,450.0,Merced
2021-09-12,54.0,423.0,Merced
2021-09-13,172.0,2439.0,Merced
2021-09-14,150.0,2296.0,Merced
2021-09-15,150.0,1996.0,Merced
2021-09-16,108.0,1799.0,Merced
2021-09-17,107.0,2098.0,Merced
2021-09-18,47.0,354.0,Merced
2021-09-19,36.0,355.0,Merced
2021-09-20,157.0,3074.0,Merced
2021-09-21,111.0,2060.0,Merced
2021-09-22,122.0,2282.0,Merced
2021-09-23,133.0,1706.0,Merced
2021-09-24,103.0,1653.0,Merced
2021-09-25,44.0,373.0,Merced
2021-09-26,46.0,336.0,Merced
2021-09-27,161.0,2447.0,Merced
2021-09-28,100.0,1898.0,Merced
2021-09-29,86.0,1778.0,Merced
2021-09-30,94.0,1702.0,Merced
2021-10-01,96.0,1484.0,Merced
2021-10-02,44.0,328.0,Merced
2021-10-03,27.0,280.0,Merced
2021-10-04,107.0,2215.0,Merced
2021-10-05,116.0,1633.0,Merced
2021-10-06,66.0,1344.0,Merced
2021-10-07,75.0,1395.0,Merced
2021-10-08,67.0,1200.0,Merced
2021-10-09,32.0,298.0,Merced
2021-10-10,43.0,310.0,Merced
2021-10-11,84.0,1364.0,Merced
2021-10-12,116.0,1933.0,Merced
2021-10-13,79.0,1424.0,Merced
2021-10-14,85.0,1512.0,Merced
2021-10-15,88.0,1216.0,Merced
2021-10-16,30.0,377.0,Merced
2021-10-17,32.0,282.0,Merced
2021-10-18,126.0,1952.0,Merced
2021-10-19,123.0,1857.0,Merced
2021-10-20,115.0,1383.0,Merced
2021-10-21,81.0,1407.0,Merced
2021-10-22,97.0,1278.0,Merced
2021-10-23,37.0,296.0,Merced
2021-10-24,41.0,255.0,Merced
2021-10-25,121.0,1843.0,Merced
2021-10-26,68.0,1610.0,Merced
2021-10-27,78.0,1567.0,Merced
2021-10-28,97.0,1408.0,Merced
2021-10-29,85.0,1288.0,Merced
2021-10-30,50.0,305.0,Merced
2021-10-31,40.0,314.0,Merced
2021-11-01,93.0,1792.0,Merced
2021-11-02,91.0,1719.0,Merced
2021-11-03,67.0,1401.0,Merced
2021-11-04,61.0,1411.0,Merced
2021-11-05,54.0,1129.0,Merced
2021-11-06,26.0,306.0,Merced
2021-11-07,24.0,288.0,Merced
2021-11-08,78.0,1851.0,Merced
2021-11-09,70.0,1600.0,Merced
2021-11-10,41.0,1396.0,Merced
2021-11-11,35.0,594.0,Merced
2021-11-12,56.0,1081.0,Merced
2021-11-13,29.0,339.0,Merced
2021-11-14,38.0,298.0,Merced
2021-11-15,90.0,1537.0,Merced
2021-11-16,57.0,1568.0,Merced
2021-11-17,37.0,1323.0,Merced
2021-11-18,59.0,1160.0,Merced
2021-11-19,57.0,962.0,Merced
2021-11-20,26.0,268.0,Merced
2021-11-21,26.0,314.0,Merced
2021-11-22,55.0,1247.0,Merced
2021-11-23,51.0,1091.0,Merced
2021-11-24,38.0,631.0,Merced
2021-11-25,32.0,114.0,Merced
2021-11-26,39.0,528.0,Merced
2021-11-27,30.0,275.0,Merced
2021-11-28,35.0,336.0,Merced
2021-11-29,66.0,1805.0,Merced
2021-11-30,74.0,1548.0,Merced
2021-12-01,68.0,1261.0,Merced
2021-12-02,56.0,1263.0,Merced
2021-12-03,46.0,956.0,Merced
2021-12-04,23.0,286.0,Merced
2021-12-05,27.0,304.0,Merced
2021-12-06,45.0,1473.0,Merced
2021-12-07,40.0,1284.0,Merced
2021-12-08,41.0,920.0,Merced
2021-12-09,32.0,1059.0,Merced
2021-12-10,38.0,894.0,Merced
2021-12-11,18.0,288.0,Merced
2021-12-12,19.0,292.0,Merced
2021-12-13,34.0,1419.0,Merced
2021-12-14,39.0,1082.0,Merced
2021-12-15,46.0,882.0,Merced
2021-12-16,42.0,842.0,Merced
2021-12-17,39.0,816.0,Merced
2021-12-18,26.0,256.0,Merced
2021-12-19,35.0,306.0,Merced
2021-12-20,95.0,1427.0,Merced
2021-12-21,57.0,953.0,Merced
2021-12-22,72.0,788.0,Merced
2021-12-23,71.0,873.0,Merced
2021-12-24,49.0,355.0,Merced
2021-12-25,50.0,159.0,Merced
2021-12-26,100.0,381.0,Merced
2021-12-27,251.0,1584.0,Merced
2021-12-28,230.0,1566.0,Merced
2021-12-29,240.0,1454.0,Merced
2021-12-30,216.0,1516.0,Merced
2021-12-31,102.0,684.0,Merced
2022-01-01,84.0,218.0,Merced
2022-01-02,133.0,466.0,Merced
2022-01-03,539.0,2630.0,Merced
2022-01-04,595.0,2623.0,Merced
2022-01-05,611.0,2506.0,Merced
2022-01-06,576.0,2343.0,Merced
2022-01-07,549.0,2172.0,Merced
2022-01-08,166.0,602.0,Merced
2022-01-09,173.0,604.0,Merced
2022-01-10,870.0,3347.0,Merced
2022-01-11,808.0,2944.0,Merced
2022-01-12,765.0,2560.0,Merced
2022-01-13,700.0,2614.0,Merced
2022-01-14,658.0,2376.0,Merced
2022-01-15,183.0,532.0,Merced
2022-01-16,167.0,531.0,Merced
2022-01-17,590.0,2043.0,Merced
2022-01-18,679.0,3023.0,Merced
2022-01-19,612.0,2071.0,Merced
2022-01-20,545.0,2124.0,Merced
2022-01-21,429.0,2033.0,Merced
2022-01-22,159.0,566.0,Merced
2022-01-23,153.0,510.0,Merced
2022-01-24,553.0,2561.0,Merced
2022-01-25,491.0,2336.0,Merced
2022-01-26,382.0,1750.0,Merced
2022-01-27,369.0,1777.0,Merced
2022-01-28,261.0,1633.0,Merced
2022-01-29,96.0,395.0,Merced
2022-01-30,107.0,400.0,Merced
2022-01-31,365.0,2163.0,Merced
2022-02-01,278.0,1685.0,Merced
2022-02-02,184.0,1267.0,Merced
2022-02-03,176.0,1365.0,Merced
2022-02-04,150.0,1188.0,Merced
2022-02-05,81.0,348.0,Merced
2022-02-06,93.0,349.0,Merced
2022-02-07,218.0,1851.0,Merced
2022-02-08,127.0,1478.0,Merced
2022-02-09,110.0,1130.0,Merced
2022-02-10,130.0,1170.0,Merced
2022-02-11,125.0,989.0,Merced
2022-02-12,50.0,309.0,Merced
2022-02-13,54.0,313.0,Merced
2022-02-14,142.0,1438.0,Merced
2022-02-15,89.0,1244.0,Merced
2022-02-16,83.0,924.0,Merced
2022-02-17,66.0,1005.0,Merced
2022-02-18,75.0,779.0,Merced
2022-02-19,43.0,274.0,Merced
2022-02-20,44.0,262.0,Merced
2022-02-21,28.0,667.0,Merced
2022-02-22,57.0,1353.0,Merced
2022-02-23,60.0,771.0,Merced
2022-02-24,30.0,778.0,Merced
2022-02-25,30.0,651.0,Merced
2022-02-26,32.0,240.0,Merced
2022-02-27,21.0,216.0,Merced
2022-02-28,52.0,1016.0,Merced
2022-03-01,44.0,1109.0,Merced
2022-03-02,28.0,769.0,Merced
2022-03-03,26.0,753.0,Merced
2022-03-04,19.0,592.0,Merced
2022-03-05,12.0,214.0,Merced
2022-03-06,10.0,200.0,Merced
2022-03-07,32.0,896.0,Merced
2022-03-08,40.0,954.0,Merced
2022-03-09,20.0,640.0,Merced
2022-03-10,15.0,668.0,Merced
2022-03-11,16.0,631.0,Merced
2022-03-12,10.0,230.0,Merced
2022-03-13,7.0,186.0,Merced
2022-03-14,23.0,852.0,Merced
2022-03-15,19.0,840.0,Merced
2022-03-16,17.0,613.0,Merced
2022-03-17,15.0,641.0,Merced
2022-03-18,6.0,586.0,Merced
2022-03-19,11.0,185.0,Merced
2022-03-20,6.0,163.0,Merced
2022-03-21,11.0,737.0,Merced
2022-03-22,14.0,719.0,Merced
2022-03-23,10.0,522.0,Merced
2022-03-24,10.0,520.0,Merced
2022-03-25,7.0,492.0,Merced
2022-03-26,7.0,184.0,Merced
2022-03-27,6.0,172.0,Merced
2022-03-28,10.0,746.0,Merced
2022-03-29,10.0,754.0,Merced
2022-03-30,12.0,495.0,Merced
2022-03-31,6.0,454.0,Merced
2022-04-01,5.0,485.0,Merced
2022-04-02,7.0,181.0,Merced
2022-04-03,3.0,184.0,Merced
2022-04-04,15.0,794.0,Merced
2022-04-05,10.0,635.0,Merced
2022-04-06,11.0,505.0,Merced
2022-04-07,9.0,510.0,Merced
2022-04-08,9.0,499.0,Merced
2022-04-09,7.0,182.0,Merced
2022-04-10,15.0,168.0,Merced
2022-04-11,12.0,720.0,Merced
2022-04-12,9.0,617.0,Merced
2022-04-13,14.0,471.0,Merced
2022-04-14,10.0,513.0,Merced
2022-04-15,5.0,508.0,Merced
2022-04-16,4.0,161.0,Merced
2022-04-17,3.0,134.0,Merced
2022-04-18,20.0,638.0,Merced
2022-04-19,12.0,569.0,Merced
2022-04-20,19.0,463.0,Merced
2022-04-21,10.0,435.0,Merced
2022-04-22,18.0,498.0,Merced
2022-04-23,7.0,174.0,Merced
2022-04-24,10.0,180.0,Merced
2022-04-25,23.0,708.0,Merced
2022-04-26,13.0,644.0,Merced
2022-04-27,23.0,521.0,Merced
2022-04-28,14.0,504.0,Merced
2022-04-29,18.0,513.0,Merced
2022-04-30,12.0,183.0,Merced
2022-05-01,14.0,175.0,Merced
2022-05-02,31.0,742.0,Merced
2022-05-03,31.0,634.0,Merced
2022-05-04,27.0,490.0,Merced
2022-05-05,26.0,603.0,Merced
2022-05-06,33.0,582.0,Merced
2022-05-07,17.0,202.0,Merced
2022-05-08,13.0,170.0,Merced
2022-05-09,51.0,747.0,Merced
2022-05-10,41.0,725.0,Merced
2022-05-11,46.0,678.0,Merced
2022-05-12,42.0,584.0,Merced
2022-05-13,33.0,632.0,Merced
2022-05-14,35.0,272.0,Merced
2022-05-15,35.0,229.0,Merced
2022-05-16,85.0,887.0,Merced
2022-05-17,69.0,761.0,Merced
2022-05-18,65.0,666.0,Merced
2022-05-19,66.0,666.0,Merced
2022-05-20,63.0,692.0,Merced
2022-05-21,34.0,235.0,Merced
2022-05-22,35.0,223.0,Merced
2022-05-23,79.0,957.0,Merced
2022-05-24,79.0,789.0,Merced
2022-05-25,61.0,614.0,Merced
2022-05-26,68.0,642.0,Merced
2022-05-27,65.0,622.0,Merced
2022-05-28,43.0,240.0,Merced
2022-05-29,31.0,249.0,Merced
2022-05-30,20.0,249.0,Merced
2022-05-31,94.0,1095.0,Merced
2022-06-01,87.0,629.0,Merced
2022-06-02,80.0,624.0,Merced
2022-06-03,77.0,693.0,Merced
2022-06-04,53.0,245.0,Merced
2022-06-05,48.0,225.0,Merced
2022-06-06,92.0,1016.0,Merced
2022-06-07,122.0,733.0,Merced
2022-06-08,91.0,622.0,Merced
2022-06-09,65.0,571.0,Merced
2022-06-10,78.0,653.0,Merced
2022-06-11,43.0,260.0,Merced
2022-06-12,48.0,222.0,Merced
2022-06-13,115.0,1101.0,Merced
2022-06-14,77.0,645.0,Merced
2022-06-15,82.0,606.0,Merced
2022-06-16,81.0,625.0,Merced
2022-06-17,75.0,671.0,Merced
2022-06-18,57.0,234.0,Merced
2022-06-19,63.0,244.0,Merced
2022-06-20,99.0,921.0,Merced
2022-06-21,93.0,746.0,Merced
2022-06-22,100.0,621.0,Merced
2022-06-23,95.0,659.0,Merced
2022-06-24,78.0,640.0,Merced
2022-06-25,37.0,209.0,Merced
2022-06-26,77.0,215.0,Merced
2022-06-27,132.0,938.0,Merced
2022-06-28,110.0,604.0,Merced
2022-06-29,102.0,608.0,Merced
2022-06-30,92.0,570.0,Merced
2022-07-01,98.0,542.0,Merced
2022-07-02,77.0,214.0,Merced
2022-07-03,59.0,198.0,Merced
2022-07-04,49.0,174.0,Merced
2022-07-05,128.0,989.0,Merced
2022-07-06,120.0,682.0,Merced
2022-07-07,123.0,704.0,Merced
2022-07-08,112.0,617.0,Merced
2022-07-09,65.0,235.0,Merced
2022-07-10,51.0,186.0,Merced
2022-07-11,156.0,853.0,Merced
2022-07-12,125.0,740.0,Merced
2022-07-13,106.0,643.0,Merced
2022-07-14,128.0,598.0,Merced
2022-07-15,95.0,606.0,Merced
2022-07-16,60.0,225.0,Merced
2022-07-17,85.0,237.0,Merced
2022-07-18,135.0,914.0,Merced
2022-07-19,120.0,700.0,Merced
2022-07-20,104.0,571.0,Merced
2022-07-21,97.0,620.0,Merced
2022-07-22,101.0,584.0,Merced
2022-07-23,71.0,240.0,Merced
2022-07-24,67.0,205.0,Merced
2022-07-25,161.0,973.0,Merced
2022-07-26,112.0,608.0,Merced
2022-07-27,92.0,615.0,Merced
2022-07-28,106.0,509.0,Merced
2022-07-29,72.0,459.0,Merced
2022-07-30,56.0,201.0,Merced
2022-07-31,46.0,191.0,Merced
2022-08-01,116.0,838.0,Merced
2022-08-02,102.0,640.0,Merced
2022-08-03,69.0,490.0,Merced
2022-08-04,49.0,447.0,Merced
2022-08-05,34.0,315.0,Merced
2022-08-06,24.0,116.0,Merced
2022-08-07,8.0,49.0,Merced
2022-08-08,0.0,0.0,Merced
